rule_id,rule_set,description,smarts,rule_set_name,priority,max
1,1,R1 Reactive alkyl halides,"[Br,Cl,I][CX4;CH,CH2]",Glaxo,8,0
2,1,R2 Acid halides,"[S,C](=[O,S])[F,Br,Cl,I]",Glaxo,8,0
3,1,R3 Carbazides,O=CN=[N+]=[N-],Glaxo,8,0
4,1,R4 Sulphate esters,"COS(=O)O[C,c]",Glaxo,8,0
5,1,R5 Sulphonates,"COS(=O)(=O)[C,c]",Glaxo,8,0
6,1,R6 Acid anhydrides,C(=O)OC(=O),Glaxo,8,0
7,1,R7 Peroxides,OO,Glaxo,8,0
8,1,R8 Pentafluorophenyl esters,C(=O)Oc1c(F)c(F)c(F)c(F)c1(F),Glaxo,8,0
9,1,R9 Paranitrophenyl esters,C(=O)Oc1ccc(N(=O)~[OX1])cc1,Glaxo,8,0
10,1,R10 esters of HOBT,C(=O)Onnn,Glaxo,8,0
11,1,R11 Isocyanates & Isothiocyanates,"N=C=[S,O]",Glaxo,8,0
12,1,R12 Triflates,OS(=O)(=O)C(F)(F)F,Glaxo,8,0
13,1,R13 lawesson's reagent and derivatives,P(=S)(S)S,Glaxo,8,0
14,1,R14 phosphoramides,NP(=O)(N)N,Glaxo,8,0
15,1,R15 Aromatic azides,cN=[N+]=[N-],Glaxo,8,0
16,1,R16 beta carbonyl quaternary Nitrogen,"C(=O)C[N+,n+]",Glaxo,8,0
17,1,R17 acylhydrazide,[N;R0][N;R0]C(=O),Glaxo,8,0
18,1,"R18 Quaternary C, Cl, I, P or S","[C+,Cl+,I+,P+,S+]",Glaxo,8,0
19,1,R19 Phosphoranes,C=P,Glaxo,8,0
20,1,R20 Chloramidines,[Cl]C([C&R0])=N,Glaxo,8,0
21,1,R21 Nitroso,[N&D2](=O),Glaxo,8,0
22,1,R22 P/S Halides,"[P,S][Cl,Br,F,I]",Glaxo,8,0
23,1,R23 Carbodiimide,N=C=N,Glaxo,8,0
24,1,R24 Isonitrile,[N+]#[C-],Glaxo,8,0
25,1,R25 Triacyloximes,C(=O)N(C(=O))OC(=O),Glaxo,8,0
26,1,R26 Cyanohydrins,N#CC[OH],Glaxo,8,0
27,1,R27 Acyl cyanides,N#CC(=O),Glaxo,8,0
28,1,R28 Sulfonyl cyanides,S(=O)(=O)C#N,Glaxo,8,0
29,1,R29 Cyanophosphonates,P(OCC)(OCC)(=O)C#N,Glaxo,8,0
30,1,R30 Azocyanamides,[N;R0]=[N;R0]C#N,Glaxo,8,0
31,1,R31 Azoalkanals,[N;R0]=[N;R0]CC=O,Glaxo,8,0
32,1,I1 Aliphatic methylene chains 7 or more long,[CD2;R0][CD2;R0][CD2;R0][CD2;R0][CD2;R0][CD2;R0][CD2;R0],Glaxo,8,0
33,1,I2 Compounds with 4 or more acidic groups,"[C,S,P](=O)[OH].[C,S,P](=O)[OH].[C,S,P](=O)[OH].[C,S,P](=O)[OH]",Glaxo,8,0
34,1,I3 Crown ethers,[O;R1][C;R1][C;R1][O;R1][C;R1][C;R1][O;R1],Glaxo,8,0
35,1,I4 Disulphides,SS,Glaxo,8,0
36,1,I5 Thiols,[SH],Glaxo,8,0
37,1,"I6 Epoxides, Thioepoxides, Aziridines","C1[O,S,N]C1",Glaxo,8,0
38,1,"I7 2,4,5 trihydroxyphenyl",c([OH])c([OH])c([OH]),Glaxo,8,0
39,1,"I8 2,3,4 trihydroxyphenyl",c([OH])c([OH])cc([OH]),Glaxo,8,0
40,1,I9 Hydrazothiourea,N=NC(=S)N,Glaxo,8,0
41,1,I10 Thiocyanate,SC#N,Glaxo,8,0
42,1,I11 Benzylic quaternary Nitrogen,cC[N+],Glaxo,8,0
43,1,I12 Thioesters,"C[O,S;R0][C;R0](=S)",Glaxo,8,0
44,1,I13 Cyanamides,N[CH2]C#N,Glaxo,8,0
45,1,I14 Four membered lactones,C1(=O)OCC1,Glaxo,8,0
46,1,I15 Di and Triphosphates,P(=O)([OH])OP(=O)[OH],Glaxo,8,0
47,1,I16 Betalactams,N1CCC1=O,Glaxo,8,0
48,1,N1 Quinones,O=C1[#6]~[#6]C(=O)[#6]~[#6]1,Glaxo,8,0
49,1,N2 Polyenes,C=CC=CC=CC=C,Glaxo,8,0
50,1,N3 Saponin derivatives,O1CCCCC1OC2CCC3CCCCC3C2,Glaxo,8,0
51,1,N4 Cytochalasin derivatives,O=C1NCC2CCCCC21,Glaxo,8,0
52,1,N5 Cycloheximide derivatives,O=C1CCCC(N1)=O,Glaxo,8,0
53,1,N6 Monensin derivatives,O1CCCCC1C2CCCO2,Glaxo,8,0
54,1,N7 Cyanidin derivatives,[OH]c1cc([OH])cc2=[O+]C(=C([OH])Cc21)c3cc([OH])c([OH])cc3,Glaxo,8,0
55,1,N8 Squalestatin derivatives,C12OCCC(O1)CC2,Glaxo,8,0
161,3,2halo_pyrazine_3EWG,"[#7;R1]1[#6]([F,Cl,Br,I])[#6]([$(S(=O)(=O)),$(C(F)(F)(F)),$(C#N),$(N(=O)(=O)),$([N+](=O)[O-]),$(C=O)])[#7][#6][#6]1",BMS,7,0
162,3,2halo_pyrazine_5EWG,"[#7;R1]1[#6]([F,Cl,Br,I])[#6;!$(c-N)][#7][#6]([$(S(=O)(=O)),$(C(F)(F)(F)),$(C#N),$(N(=O)(=O)),$([N+](=O)[O-]),$(C=O)])[#6;!$(c-N)]1",BMS,7,0
163,3,2halo_pyridazine_3EWG,"[#7;R1]1[#6]([F,Cl,Br,I])[#6]([$(S(=O)(=O)),$(C(F)(F)(F)),$(C#N),$(N(=O)(=O)),$([N+](=O)[O-]),$(C=O)])[#6][#6][#7]1",BMS,7,0
164,3,2halo_pyridazine_5EWG,"[#7;R1]1[#6]([F,Cl,Br,I])[#6][#6][#6]([$(S(=O)(=O)),$(C(F)(F)(F)),$(C#N),$(N(=O)(=O)),$([N+](=O)[O-]),$(C=O)])[#7]1",BMS,7,0
165,3,2halo_pyridine_3EWG,"[#7;R1]1[#6;!$(c=O)]([F,Cl,Br,I])[#6]([$(S(=O)(=O)),$(C(F)(F)(F)),$(C#N),$(N(=O)(=O)),$([N+](=O)[O-]),$(C=O)])[#6;!$(c-N)][#6][#6;!$(c-N)]1",BMS,7,0
166,3,2halo_pyridine_5EWG,"[#7;R1]1[#6;!$(c=O)]([F,Cl,Br,I])[#6][#6;!$(c-N)][#6]([$(S(=O)(=O)),$(C(F)(F)(F)),$(C#N),$(N(=O)(=O)),$([N+](=O)[O-]),$(C=O)])[#6;!$(c=O);!$(c-N)]1",BMS,7,0
167,3,2halo_pyrimidine_5EWG,"[#7;R1]1[#6]([F,Cl,Br,I])[#7][#6][#6]([$(S(=O)(=O)),$(C(F)(F)(F)),$(C#N),$(N(=O)(=O)),$([N+](=O)[O-]),$(C=O)])[#6]1",BMS,7,0
168,3,3halo_pyridazine_2EWG,"[#7;R1]1[#6]([$(S(=O)(=O)),$(C(F)(F)(F)),$(C#N),$(N(=O)(=O)),$([N+](=O)[O-]),$(C=O)])[#6]([F,Cl,Br,I])[#6][#6][#7]1",BMS,7,0
169,3,3halo_pyridazine_4EWG,"[#7;R1]1[#6][#6]([F,Cl,Br,I])[#6]([$(S(=O)(=O)),$(C(F)(F)(F)),$(C#N),$(N(=O)(=O)),$([N+](=O)[O-]),$(C=O)])[#6][#7]1",BMS,7,0
170,3,4_pyridone_3_5_EWG,"[#7,#8,#16]1~[#6;H]~[#6]([$(S(=O)(=O)),$(C(F)(F)(F)),$(C#N),$(N(=O)(=O)),$([N+](=O)[O-]),$(C=O)])~[#6](=O)~[#6]([$(S(=O)(=O)),$(C(F)(F)(F)),$(C#N),$(N(=O)(=O)),$([N+](=O)[O-]),$(C=O)])~[#6;H]1",BMS,7,0
171,3,4halo_pyridine_3EWG,"[#7;R1]1[#6;!$(c=O);!$(c-N)][#6]([$(S(=O)(=O)),$(C(F)(F)(F)),$(C#N),$(N(=O)(=O)),$([N+](=O)[O-]),$(C=O)])[#6]([F,Cl,Br,I])[#6][#6;!$(c=O);!$(c-N)]1",BMS,7,0
172,3,4halo_pyrimidine_2_6EWG,"[#7]1[#6]([$(S(=O)(=O)),$(C(F)(F)(F)),$(C#N),$(N(=O)(=O)),$([N+](=O)[O-]),$(C=O)])[#7;R1][#6]([F,Cl,Br,I])[#6][#6]1([$(S(=O)(=O)),$(C(F)(F)(F)),$(C#N),$(N(=O)(=O)),$([N+](=O)[O-]),$(C=O)])",BMS,7,0
173,3,4halo_pyrimidine_5EWG,"[#7]1[#6][#7;R1][#6]([F,Cl,Br,I])[#6]([$(S(=O)(=O)),$(C(F)(F)(F)),$(C#N),$(N(=O)(=O)),$([N+](=O)[O-]),$(C=O)])[#6]1",BMS,7,0
174,3,CH2_S#O_3_ring,"[CH2]1[O,S]C1",BMS,7,0
175,3,HOBT_ester,"O=C(-[!N])O[$(nnn),$([#7]-[#7]=[#7])]",BMS,7,0
176,3,NO_phosphonate,P(=O)ON,BMS,7,0
177,3,acrylate,[CH2]=[C;!$(C-N);!$(C-O)]C(=O),BMS,7,0
178,3,activated_4mem_ring,"[#6]1~[$(C(=O)),$(S(=O))]~[O,S,N]~[$(C(=O)),$(S(=O))]1",BMS,7,0
179,3,activated_S#O_3_ring,"C1~[O,S]~[C,N,O,S]1[a,N,O,S]",BMS,7,0
180,3,activated_acetylene,"[$(S(=O)(=O)),$(C(F)(F)(F)),$(C#N),$(N(=O)(=O)),$([N+](=O)[O-]),$(C(=O))]C#[C;!$(C-N);!$(C-n)]",BMS,7,0
181,3,activated_diazo,"[N;!R]([$(S(=O)(=O)),$(C(F)(F)(F)),$(C#N),$(N(=O)(=O)),$([N+](=O)[O-]),$(C(=O))])=[N;!R]([$(S(=O)(=O)),$(C(F)(F)(F)),$(C#N),$(N(=O)(=O)),$([N+](=O)[O-]),$(C(=O))])",BMS,7,0
182,3,activated_vinyl_ester,"O=COC=[$(C(S(=O)(=O))),$(C(C(F)(F)(F))),$(C(C#N)),$(C(N(=O)(=O))),$(C([N+](=O)[O-])),$(C(C(=O)));!$(C(N))]",BMS,7,0
183,3,activated_vinyl_sulfonate,"O(-S(=O)(=O))C=[$(C(S(=O)(=O))),$(C(C(F)(F)(F))),$(C(C#N)),$(C(N(=O)(=O))),$(C([N+](=O)[O-])),$(C(C(=O)));!$(C(N))]",BMS,7,0
184,3,acyclic_imide,"[C,c][C;!R](=O)[N;!R][C;!R](=O)[C,c]",BMS,7,0
185,3,acyl_123_triazole,[#7;R1]1~[#7;R1]~[#7;R1](-C(=O))~[#6]~[#6]1,BMS,7,0
186,3,acyl_134_triazole,[#7]1~[#7]~[#6]~[#7](-C(=O)[!N])~[#6]1,BMS,7,0
187,3,acyl_activated_NO,"O=C(-[!N])O[$([#7;+]),$(N(C=[O,S,N])(C=[O,S,N]))]",BMS,7,0
188,3,acyl_cyanide,C(=O)-C#N,BMS,7,0
189,3,acyl_imidazole,"[C;!$(C-N)](=O)[#7]1[#6;H1,$([#6]([*;!R]))][#7][#6;H1,$([#6]([*;!R]))][#6;H1,$([#6]([*;!R]))]1",BMS,7,0
190,3,acyl_pyrazole,"[C;!$(C-N)](=O)[#7]1[#7][#6;H1,$([#6]([*;!R]))][#6;H1,$([#6]([*;!R]))][#6;H1,$([#6]([*;!R]))]1",BMS,7,0
191,3,aldehyde,"[C,c][C;H1](=O)",BMS,7,0
192,3,alpha_dicarbonyl,C(=O)!@C(=O),BMS,7,0
193,3,alpha_halo_EWG,"[$(C(F)(F)(F)),$(C#N),$(N(=O)(=O)),$([N+](=O)[O-])]-[CH,CH2]-[Cl,Br,I,$(O(S(=O)(=O)))]",BMS,7,0
194,3,alpha_halo_amine,"[F,Cl,Br,I,$(O(S(=O)(=O)))]-[CH,CH2;!$(C(F)F)]-[N,n]",BMS,7,0
195,3,alpha_halo_carbonyl,"C(=O)([CH,CH2][Cl,Br,I,$(O(S(=O)(=O)))])",BMS,7,0
196,3,alpha_halo_heteroatom,"[N,n,O,S;!$(S(=O)(=O))]-[CH,CH2;!$(C(F)(F))][F,Cl,Br,I,$(O(S(=O)(=O)))]",BMS,7,0
197,3,alpha_halo_heteroatom_tert,"[N,n,O,S;!$(S(=O)(=O))]-C([Cl,Br,I,$(O(S(=O)(=O)))])(C)(C)",BMS,7,0
198,3,anhydride,"[$(C(=O)),$(C(=S))]-[O,S]-[$(C(=O)),$(C(=S)),$(C(=[N;!R])),$(C(=N(-[C;X4])))]",BMS,7,0
199,3,aryl_phosphonate,P(=O)-[O;!R]-a,BMS,7,0
200,3,aryl_thiocarbonyl,a-[S;X2;!R]-[C;!R](=O),BMS,7,0
201,3,azide,"[$(N#[N+]-[N-]),$([N-]=[N+]=N)]",BMS,7,0
202,3,aziridine_diazirine,"[C,N]1~[C,N]~N~1",BMS,7,0
203,3,azo_amino,[N]=[N;!R]-[N],BMS,7,0
204,3,azo_aryl,c[N;!R;!+]=[N;!R;!+]-c,BMS,7,0
205,3,azo_filter1,[N;!R]=[N;!R]-[N]=[*],BMS,7,0
206,3,azo_filter2,[N;!$(N-S(=O)(=O));!$(N-C=O)]-[N;!r3;!$(N-S(=O)(=O));!$(N-C=O)]-[N;!$(N-S(=O)(=O));!$(N-C=O)],BMS,7,0
207,3,azo_filter3,[N;!R]-[N;!R]-[N;!R],BMS,7,0
208,3,azo_filter4,a-N=N-[N;H2],BMS,7,0
209,3,bad_boron,"[B-,BH2,BH3,$(B(F)(F))]",BMS,7,0
210,3,bad_cations,"[C+,F+,Cl+,Br+,I+,Se+]",BMS,7,0
211,3,benzidine_like,c([N;!+])1ccc(c2ccc([N;!+])cc2)cc1,BMS,7,0
212,3,beta_lactone,"[#6,#15,#16]1(=O)~[#6]~[#6]~[#8,#16]1",BMS,7,0
213,3,betalactam,C1(=O)~[#6]~[#6]N1,BMS,7,0
214,3,betalactam_EWG,"C1(=O)~[#6]~[#6]N1([$(S(=O)(=O)[C,c,O&D2]),$(C(F)(F)(F)),$(C#N),$(N(=O)(=O)),$([N+](=O)[O-]),$(C(=O)[C,c,O&D2])])",BMS,7,0
215,3,bis_activated_aryl_ester,"O=[C,S]Oc1aaa([$(S(=O)(=O)),$(C(F)(F)(F)),$(C#N),$(N(=O)(=O)),$([N+](=O)[O-]),$(C(=O)O),$(C(=O)N)])aa([$(S(=O)(=O)),$(C(F)(F)(F)),$(C#N),$(N(=O)(=O)),$([N+](=O)[O-]),$(C(=O)O),$(C(=O)N)])1",BMS,7,0
216,3,bis_keto_olefin,"CC(=O)[$([C&H1]),$(C-F),$(C-Cl),$(C-Br),$(C-I)]=[$([C&H1]),$(C-F),$(C-Cl),$(C-Br),$(C-I)]C(=O)C",BMS,7,0
217,3,boron_warhead,"[C,c]~[#5]",BMS,7,0
218,3,branched_polycyclic_aromatic,a1(a2aa(a3aaaaa3)aa(a4aaaaa4)a2)aaaaa1,BMS,7,0
219,3,carbodiimide_iso#thio#cyanate,"N=C=[N,O,S]",BMS,7,0
220,3,carbonyl_halide,"O=C[F,Cl,Br,I]",BMS,7,0
221,3,contains_metal,"[$([Ru]),$([Rh]),$([#34]),$([Pd]),$([Sc]),$([Bi]),$([Sb]),$([Ag]),$([Ti]),$([Al]),$([Cd]),$([V]),$([In]),$([Cr]),$([Sn]),$([Mn]),$([La]),$([Fe]),$([Er]),$([Tm]),$([Yb]),$([Lu]),$([Hf]),$([Ta]),$([W]),$([Re]),$([Co]),$([Os]),$([Ni]),$([Ir]),$([Cu]),$([Zn]),$([Ga]),$([Ge]),$([#33]),$([Y]),$([Zr]),$([Nb]),$([Ce]),$([Pr]),$([Nd]),$([Sm]),$([Eu]),$([Gd]),$([Tb]),$([Dy]),$([Ho]),$([Pt]),$([Au]),$([Hg]),$([Tl]),$([Pb]),$([Ac]),$([Th]),$([Pa]),$([Mo]),$([U]),$([Tc]),$([Te]),$([Po]),$([At])]",BMS,7,0
222,3,crown_ether,"[$([O,S,#7;R1;r9,r10,r11,r12,r13,r14,r15,r16,r17,r18][CH,CH2;r9,r10,r11,r12,r13,r14,r15,r16,r17,r18][CH,CH2;r9,r10,r11,r12,r13,r14,r15,r16,r17,r18][O,S,#7;R1;r9,r10,r11,r12,r13,r14,r15,r16,r17,r18][CH,CH2;r9,r10,r11,r12,r13,r14,r15,r16,r17,r18][CH,CH2;r9,r10,r11,r12,r13,r14,r15,r16,r17,r18][O,S,#7;R1;r9,r10,r11,r12,r13,r14,r15,r16,r17,r18]),$([O,S,#7;R1;r9,r10,r11,r12,r13,r14,r15,r16,r17,r18][CH,CH2;r9,r10,r11,r12,r13,r14,r15,r16,r17,r18][CH,CH2;r9,r10,r11,r12,r13,r14,r15,r16,r17,r18][CH,CH2;r9,r10,r11,r12,r13,r14,r15,r16,r17,r18][O,S,#7;R1;r9,r10,r11,r12,r13,r14,r15,r16,r17,r18][CH,CH2;r9,r10,r11,r12,r13,r14,r15,r16,r17,r18][CH,CH2;r9,r10,r11,r12,r13,r14,r15,r16,r17,r18][CH,CH2;r9,r10,r11,r12,r13,r14,r15,r16,r17,r18][O,S,#7;R1;r9,r10,r11,r12,r13,r14,r15,r16,r17,r18]),$([O,S,#7;R1;r9,r10,r11,r12,r13,r14,r15,r16,r17,r18][CH,CH2;r9,r10,r11,r12,r13,r14,r15,r16,r17,r18][CH,CH2;r9,r10,r11,r12,r13,r14,r15,r16,r17,r18][O,S,#7;R1;r9,r10,r11,r12,r13,r14,r15,r16,r17,r18][CH,CH2;r9,r10,r11,r12,r13,r14,r15,r16,r17,r18][CH,CH2;r9,r10,r11,r12,r13,r14,r15,r16,r17,r18][CH,CH2;r9,r10,r11,r12,r13,r14,r15,r16,r17,r18][O,S,#7;R1;r9,r10,r11,r12,r13,r14,r15,r16,r17,r18])]",BMS,7,0
223,3,cyano_phosphonate,"P(O[A,a])(O[A,a])(=O)C#N",BMS,7,0
224,3,cyanohydrin,"[C;X4](-[OH,NH1,NH2,SH])(-C#N)",BMS,7,0
225,3,diamino_sulfide,"[N,n]~[S;!R;D2]~[N,n]",BMS,7,0
226,3,diazo_carbonyl,"[$(N=N=C~C=O),$(N#N-C~C=O)]",BMS,7,0
227,3,diazonium,a[N+]#N,BMS,7,0
228,3,dicarbonyl_sulfonamide,"[$(N(-C(=O))(-C(=O))(-S(=O))),$(n([#6](=O))([#6](=O))([#16](=O)))]",BMS,7,0
229,3,disulfide_acyclic,[S;!R;X2]-[S;!R;X2],BMS,7,0
230,3,disulfonyliminoquinone,S(=O)(=O)N=C1C=CC(=NS(=O)(=O))C=C1,BMS,7,0
231,3,double_trouble_warhead,NC(C[S;D1])C([N;H1]([O;D1]))=O,BMS,7,0
232,3,flavanoid,O=C2CC(a3aaaaa3)Oa1aaaaa12,BMS,7,0
233,3,four_nitriles,C#N.C#N.C#N.C#N,BMS,7,0
234,3,gte_10_carbon_sb_chain,[C;!R]-[C;!R]-[C;!R]-[C;!R]-[C;!R]-[C;!R]-[C;!R]-[C;!R]-[C;!R]-[C;!R],BMS,7,0
235,3,gte_2_N_quats,"[N,n;H0;+;!$(N~O);!$(n~O)].[N,n;H0;+;!$(N~O);!$(n~O)]",BMS,7,0
236,3,gte_2_free_phos,P([O;D1])=O.P([O;D1])=O,BMS,7,0
237,3,gte_2_sulfonic_acid,"[C,c]S(=O)(=O)[O;D1].[C,c]S(=O)(=O)[O;D1]",BMS,7,0
238,3,gte_3_COOH,C(=O)[O;D1].C(=O)[O;D1].C(=O)[O;D1],BMS,7,0
239,3,gte_3_iodine,[#53].[#53].[#53],BMS,7,0
240,3,gte_4_basic_N,"[N;!$(N(=[N,O,S,C]));!$(N(S(=O)(=O)));!$(N(C(F)(F)(F)));!$(N(C#N));!$(N(C(=O)));!$(N(C(=S)));!$(N(C(=N)));!$(N(#C));!$(Nc)].[N;!$(N(=[N,O,S,C]));!$(N(S(=O)(=O)));!$(N(C(F)(F)(F)));!$(N(C#N));!$(N(C(=O)));!$(N(C(=S)));!$(N(C(=N)));!$(N(#C));!$(Nc)].[N;!$(N(=[N,O,S,C]));!$(N(S(=O)(=O)));!$(N(C(F)(F)(F)));!$(N(C#N));!$(N(C(=O)));!$(N(C(=S)));!$(N(C(=N)));!$(N(#C));!$(Nc)].[N;!$(N(=[N,O,S,C]));!$(N(S(=O)(=O)));!$(N(C(F)(F)(F)));!$(N(C#N));!$(N(C(=O)));!$(N(C(=S)));!$(N(C(=N)));!$(N(#C));!$(N-c)]",BMS,7,0
241,3,gte_4_nitro,"[$([N+](=O)[O-]),$(N(=O)=O)].[$([N+](=O)[O-]),$(N(=O)=O)].[$([N+](=O)[O-]),$(N(=O)=O)].[$([N+](=O)[O-]),$(N(=O)=O)]",BMS,7,0
242,3,gte_5_phenolic_OH,a[O;D1].a[O;D1].a[O;D1].a[O;D1].a[O;D1],BMS,7,0
243,3,gte_7_aliphatic_OH,C[O;D1].C[O;D1].C[O;D1].C[O;D1].C[O;D1].C[O;D1].C[O;D1],BMS,7,0
244,3,gte_7_total_hal,"[Cl,Br,I].[Cl,Br,I].[Cl,Br,I].[Cl,Br,I].[Cl,Br,I].[Cl,Br,I].[Cl,Br,I]",BMS,7,0
245,3,gte_8_CF2_or_CH2,"[CH2,$(C(F)(F));R0][CH2,$(C(F)(F));R0][CH2,$(C(F)(F));R0][CH2,$(C(F)(F));R0][CH2,$(C(F)(F));R0][CH2,$(C(F)(F));R0][CH2,$(C(F)(F));R0][CH2,$(C(F)(F));R0]",BMS,7,0
246,3,halo_5heterocycle_bis_EWG,"[#7,#8,#16]1[#6]([$(S(=O)(=O)),$([F,Cl]),$(C(F)(F)(F)),$(C#N),$(N(=O)(=O)),$([N+](=O)[O-]),$(C(=O))])[#6]([$(S(=O)(=O)),$([F,Cl]),$(C(F)(F)(F)),$(C#N),$(N(=O)(=O)),$([N+](=O)[O-]),$(C(=O))])[#7][#6]1([Cl,Br,I])",BMS,7,0
247,3,halo_acrylate,"[$([C;H2]),$([C&H1;$(C-F)]),$([C&H1;$(C-Cl)]),$([C&H1;$(C-Br)]),$([C&H1;$(CI)]),$(C(F)F),$(C(Cl)Cl),$(C(Br)Br),$(C(I)I),$(C(F)Cl),$(C(F)Br),$(C(F)I),$(C(Cl)Br),$(C(Br)I)](=[$([C&H1;$(C(-C(=O)))]),$(C(F)(C(=O))),$(C(Cl)(C(=O))),$(C(Br)(C(=O))),$(C(I)(C(=O))),$(C(C)(C(=O))),$(C(c)(C(=O)))])",BMS,7,0
248,3,halo_imino,"C(=[#7])([Cl,Br,I,$(O(S(=O)(=O)))])",BMS,7,0
249,3,halo_olefin_bis_EWG,"C([Cl,Br,I,$(O(S(=O)(=O)))])=C([$(S(=O)(=O)),$(C(F)(F)(F)),$(C#N),$(N(=O)(=O)),$([N+](=O)[O-]),$(C=O)])([$(S(=O)(=O)),$(C(F)(F)(F)),$(C#N),$(N(=O)(=O)),$([N+](=O)[O-]),$(C=O)])",BMS,7,0
250,3,halo_phenolic_carbonyl,"C(=O)Oc1c([Cl,F])[cH1,$(c[F,Cl])]c([F,Cl])[cH1,$(c[F,Cl])]c1([F,Cl])",BMS,7,0
251,3,halo_phenolic_sulfonyl,"S(=O)Oc1c([Cl,F])[cH1,$(c[F,Cl])]c([F,Cl])[cH1,$(c[F,Cl])]c1([F,Cl])",BMS,7,0
252,3,halogen_heteroatom,"[!C;!c;!H][F,Cl,Br,I]",BMS,7,0
253,3,hetero_silyl,[Si]~[!#6],BMS,7,0
254,3,hydrazine,[N;X3;!$(N-S(=O)(=O));!$(N-C(F)(F)(F));!$(N-C#N);!$(N-C(=O));!$(N-C(=S));!$(N-C(=N))]-[N;X3;!$(N-S(=O)(=O));!$(N-C(F)(F)(F));!$(N-C#N);!$(N-C(=O));!$(N-C(=S));!$(N-C(=N))],BMS,7,0
255,3,hydrazothiourea,[N;!R]=NC(=S)N,BMS,7,0
256,3,hydroxamate_warhead,C([N;H1]([O;D1]))=O,BMS,7,0
257,3,hyperval_sulfur,"[$([#16&D3]),$([#16&D4])]=,:[#6]",BMS,7,0
258,3,isonitrile,[N+]#[C-],BMS,7,0
259,3,keto_def_heterocycle,"[$(c([C;!R;!$(C-[N,O,S]);!$(C-[H])](=O))1naaaa1),$(c([C;!R;!$(C-[N,O,S]);!$(C-[H])](=O))1naa[n,s,o]1)]",BMS,7,0
260,3,linear_polycyclic_aromatic_I,"[$(a12aaaaa1aa3a(aa(aaaa4)a4a3)a2),$(a12aaaaa1aa3a(aaa4a3aaaa4)a2),$(a12aaaaa1a(aa5)a3a(aaa4a3a5aaa4)a2)]",BMS,7,0
261,3,linear_polycyclic_aromatic_II,"[$(a12aaaa4a1a3a(aaaa3aa4)aa2),$(a12aaaaa1a3a(aaa4a3aaaa4)aa2),$(a1(a(aaaa4)a4a3a2aaaa3)a2aaaa1)]",BMS,7,0
262,3,maleimide_etc,"[$([C;H1]),$(C(-[F,Cl,Br,I]))]1=[$([C;H1]),$(C(-[F,Cl,Br,I]))]C(=O)[N,O,S]C(=O)1",BMS,7,0
263,3,meldrums_acid_deriv,O=C1OC(C)(C)OC(C1)=O,BMS,7,0
264,3,monofluoroacetate,"[C;H2](F)C(=O)[O,N,S]",BMS,7,0
265,3,nitrone,[C;!R]=[N+][O;D1],BMS,7,0
266,3,nitrosamine,N-[N;X2](=O),BMS,7,0
267,3,non_ring_CH2O_acetal,"[O,N,S;!$(S~O)]!@[CH2]!@[O,S,N;!$(S~O)]",BMS,7,0
268,3,non_ring_acetal,"[O,N,S;!$(S~O)]!@[C;H1;X4]!@[O,N,S;!$(S~O)]",BMS,7,0
269,3,non_ring_ketal,"[O,N,S;!$(S~O)]!@[C;H0;X4](!@[O,N,S;!$(S~O)])(C)",BMS,7,0
270,3,ortho_hydroiminoquinone,c1c([N;D1])c([N;D1])c[cH1][cH1]1,BMS,7,0
271,3,ortho_hydroquinone,"a1c([O,S;D1])c([O,S;D1])a[cH1][cH1]1",BMS,7,0
272,3,ortho_nitrophenyl_carbonyl,"[#6]1(-O-[C;!R](=[O,N;!R]))[#6]([$(N(=O)(=O)),$([N+](=O)[O-])])[#6][#6][#6][#6]1",BMS,7,0
273,3,ortho_quinone,"[CH1,$(C(-[Cl,Br,I]))]1=CC(=[O,N,S;!R])C(=[O,N,S])C=[CH1,$(C(-[Cl,Br,I]))]1",BMS,7,0
274,3,oxaziridine,"C1~[O,S]~N1",BMS,7,0
275,3,oxime,[$(C=N[O;D1]);!$(C=[N+])][#6][#6],BMS,7,0
276,3,oxonium,"[o+,O+]",BMS,7,0
277,3,para_hydroiminoquinone,a1[cH1]c([N;D1])[cH1]ac([N;D1])1,BMS,7,0
278,3,para_hydroquinone,"a1[cH1]c([O,S;D1])[cH1]ac([O,S;D1])1",BMS,7,0
279,3,para_nitrophenyl_ester,"[#6]1(-O(-[C;!R](-[!N])(=[O,N;!R])))[#6][#6][#6]([$(N(=O)(=O)),$([N+](=O)[O-])])[#6][#6]1",BMS,7,0
280,3,para_quinone,"[CH1,$(C(-[Cl,Br,I]))]1=[CH1,$(C(-[Cl,Br,I]))]C(=[O,N,S])[CH1,$(C(-[Cl,Br,I]))]=[CH1,$(C(-[Cl,Br,I]))]C1(=[O,N,S])",BMS,7,0
281,3,paraquat_like,[#6]1[#6][#6]([#6]2[#6][#6][#7;+][#6][#6]2)[#6][#6][#7;+]1,BMS,7,0
282,3,pentafluorophenylester,C(=O)Oc1c(F)c(F)c(F)c(F)c1(F),BMS,7,0
283,3,perchloro_cp,C1(Cl)(Cl)C(Cl)C(Cl)=C(Cl)C1(Cl),BMS,7,0
284,3,perhalo_dicarbonyl_phenyl,"c1(C=O)c([Br,Cl,I])c([Br,Cl,I])c([Br,Cl,I])c([Br,Cl,I])c1(C=O)",BMS,7,0
285,3,perhalo_phenyl,"c1c([Br,Cl,I])c([Br,Cl,I])c([Br,Cl,I])c([Br,Cl,I])c1([Br,Cl,I])",BMS,7,0
286,3,peroxide,[#8]~[#8],BMS,7,0
287,3,phenolate_bis_EWG,"O=[C,S]Oc1aaa([$(S(=O)(=O)),$(C(F)(F)(F)),$(C#N),$(N(=O)(=O)),$([N+](=O)[O-]),$(C(=O)O),$(C(=O)N)])aa([$(S(=O)(=O)),$(C(F)(F)(F)),$(C#N),$(N(=O)(=O)),$([N+](=O)[O-]),$(C(=O)O),$(C(=O)N)])1",BMS,7,0
288,3,phos_serine_warhead,NC(COP(O)(O)=O)C(O)=O,BMS,7,0
289,3,phos_threonine_warhead,NC(C(C)OP(O)(O)=O)C(O)=O,BMS,7,0
290,3,phos_tyrosine_warhead,NC(Cc1ccc(OP(O)(O)=O)cc1)C(O)=O,BMS,7,0
291,3,phosphite,"[c,C]-[P;v3]",BMS,7,0
292,3,phosphonium,[#15;+]~[!O],BMS,7,0
293,3,phosphorane,C=P,BMS,7,0
294,3,phosphorous_nitrogen_bond,"[#15]~[N,n]",BMS,7,0
295,3,phosphorus_phosphorus_bond,P~P,BMS,7,0
296,3,phosphorus_sulfur_bond,P~S,BMS,7,0
297,3,polyene,C=[C;!R][C;!R]=[C;!R][C;!R]=[C;!R],BMS,7,0
298,3,polyhalo_phenol_a,"c1c([O;D1])c(-[Cl,Br,I])c(-[Cl,Br,I])cc1.c1c([O;D1])c(-[Cl,Br,I])c(-[Cl,Br,I])cc1",BMS,7,0
299,3,polyhalo_phenol_b,"c1c([O;D1])c(-[Cl,Br,I])cc(-[Cl,Br,I])c1.c1c([O;D1])c(-[Cl,Br,I])cc(-[Cl,Br,I])c1",BMS,7,0
300,3,polyhalo_phenol_c,"c1c([O;D1])ccc(-[Cl,Br,I])c(-[Cl,Br,I])1.c1c([O;D1])ccc(-[Cl,Br,I])c(-[Cl,Br,I])1",BMS,7,0
301,3,polyhalo_phenol_d,"c(-[Cl,Br,I])1c([O;D1])c(-[Cl,Br,I])ccc1.c(-[Cl,Br,I])1c([O;D1])c(-[Cl,Br,I])ccc1",BMS,7,0
302,3,polyhalo_phenol_e,"c1c([O;D1])ccc(-[Cl,Br,I])c(-[Cl,Br,I])1.c1c([O;D1])ccc(-[Cl,Br,I])c(-[Cl,Br,I])1",BMS,7,0
303,3,polysulfide,[S;D2]-[S;D2]-[S;D2],BMS,7,0
304,3,porphyrin,"[#6;r16,r17,r18]~[#6]1~[#6]~[#6]~[#6](~[#6])~[#7]1",BMS,7,0
305,3,primary_halide_sulfate,"[CH2][Cl,Br,I,$(O(S(=O)(=O)[!$(N);!$([O&D1])]))]",BMS,7,0
306,3,quat_N_N,"[N,n;R;+]!@[N,n]",BMS,7,0
307,3,quat_N_acyl,"[N,n;+]!@C(=O)",BMS,7,0
308,3,quinone_methide,"[#6;!$([#6](-[N,O,S]))]1=[#6;!$([#6](-[N,O,S]))][#6](=[#6])[#6;!$([#6](-[N,O,S]))]=[#6;!$([#6](-[N,O,S]))][#6]1(=[O,N,S])",BMS,7,0
309,3,rhodanine,C(=C)1SC(=S)NC(=O)1,BMS,7,0
310,3,secondary_halide_sulfate,"[CH;!$(C=C)][Cl,Br,I,$(O(S(=O)(=O)[!$(N);!$([O&D1])]))]",BMS,7,0
311,3,sulf_D2_nitrogen,[S;D2](-[N;!$(N(=C));!$(N(-S(=O)(=O)));!$(N(-C(=O)))]),BMS,7,0
312,3,sulf_D2_oxygen_D2,[S;D2][O;D2],BMS,7,0
313,3,sulf_D3_nitrogen,"[S;D3](-N)(-[c,C])(-[c,C])",BMS,7,0
314,3,sulfite_sulfate_ester,"[C,c]OS(=O)O[C,c]",BMS,7,0
315,3,sulfonium,[S+;X3;$(S-C);!$(S-[O;D1])],BMS,7,0
316,3,sulfonyl_anhydride,"[$(C(=O)),$(S(=O)(=O))][O,S](S(=O)(=O))",BMS,7,0
317,3,sulfonyl_halide,"S(=O)(=O)[F,Cl,Br,I]",BMS,7,0
318,3,sulfonyl_heteroatom,"[!#6;!#1;!#11;!#19]O(S(=O)(=O)(-[C,c]))",BMS,7,0
319,3,sulphonyl_cyanide,S(=O)(=O)C#N,BMS,7,0
320,3,tertiary_halide_sulfate,"[C;X4](-[Cl,Br,I,$(O(S(=O)(=O)[!$(N);!$([O&D1])]))])(-[c,C])(-[c,C])(-[c,C])",BMS,7,0
321,3,thio_hydroxamate,"[S;D2]([$(N(=C)),$(N(-S(=O)(=O))),$(N(-C(=O)))])",BMS,7,0
322,3,thio_xanthate,[S;!R]-[C;!R](=[S;!R])(-[S;!R]),BMS,7,0
323,3,thiocarbonate,"SC(=O)[O,S]",BMS,7,0
324,3,thioester,"[S;!R;H0]C(=[S,O;!R])([!O;!S;!N])",BMS,7,0
325,3,thiol_warhead,NC(C[S;D1])C(O)=O,BMS,7,0
326,3,thiopyrylium,"c1[S,s;+]cccc1",BMS,7,0
327,3,thiosulfoxide,"[C,c][S;X3](~O)-S",BMS,7,0
328,3,triamide,"[$(N(-C(=O))(-C(=O))(-C(=O))),$(n([#6](=O))([#6](=O))([#6](=O)))]",BMS,7,0
329,3,triaryl_phosphine_oxide,P(=O)(a)(a)(a),BMS,7,0
330,3,trichloromethyl_ketone,[$(C(=O));!$(C-N);!$(C-O);!$(C-S)]C(Cl)(Cl)(Cl),BMS,7,0
331,3,triflate,OS(=O)(=O)(C(F)(F)(F)),BMS,7,0
332,3,trifluoroacetate_ester,C(F)(F)(F)C(=O)O,BMS,7,0
333,3,trifluoroacetate_thioester,C(F)(F)(F)C(=O)S,BMS,7,0
334,3,trifluoromethyl_ketone,[$(C(=O));!$(C-N);!$(C-O);!$(C-S)]C(F)(F)(F),BMS,7,0
335,3,trihalovinyl_heteroatom,"C(-[Cl,Br,I])(-[Cl,Br,I])=C(-[Cl,Br,I])(-[N,O,S])",BMS,7,0
336,3,trinitro_aromatic,"[$(a1aaa([$(N(=O)(=O)),$([N+](=O)[O-])])a([$(N(=O)(=O)),$([N+](=O)[O-])])a1([$(N(=O)(=O)),$([N+](=O)[O-])])),$(a1aa([$(N(=O)(=O)),$([N+](=O)[O-])])a([$(N(=O)(=O)),$([N+](=O)[O-])])aa1([$(N(=O)(=O)),$([N+](=O)[O-])])),$(a1a([$(N(=O)(=O)),$([N+](=O)[O-])])aa([$(N(=O)(=O)),$([N+](=O)[O-])])aa1([$(N(=O)(=O)),$([N+](=O)[O-])]))]",BMS,7,0
337,3,trinitromethane_derivative,"C([$([N+](=O)[O-]),$(N(=O)=O)])([$([N+](=O)[O-]),$(N(=O)=O)])([$([N+](=O)[O-]),$(N(=O)=O)])",BMS,7,0
338,3,tris_activated_aryl_ester,"[$(O=[C,S]Oc1a([$(S(=O)(=O)),F,$(C(F)(F)(F)),$(C#N),$(N(=O)(=O)),$([N+](=O)[O-]),$(C(=O)O),$(C(=O)N)])a([$(S(=O)(=O)),F,$(C(F)(F)(F)),$(C#N),$(N(=O)(=O)),$([N+](=O)[O-]),$(C(=O)O),$(C(=O)N)])a([$(S(=O)(=O)),F,$(C(F)(F)(F)),$(C#N),$(N(=O)(=O)),$([N+](=O)[O-]),$(C(=O)O),$(C(=O)N)])aa1),$(O=[C,S]Oc1a([$(S(=O)(=O)),F,$(C(F)(F)(F)),$(C#N),$(N(=O)(=O)),$([N+](=O)[O-]),$(C(=O)O),$(C(=O)N)])a([$(S(=O)(=O)),F,$(C(F)(F)(F)),$(C#N),$(N(=O)(=O)),$([N+](=O)[O-]),$(C(=O)O),$(C(=O)N)])aaa([$(S(=O)(=O)),F,$(C(F)(F)(F)),$(C#N),$(N(=O)(=O)),$([N+](=O)[O-]),$(C(=O)O),$(C(=O)N)])1),$(O=[C,S]Oc1a([$(S(=O)(=O)),F,$(C(F)(F)(F)),$(C#N),$(N(=O)(=O)),$([N+](=O)[O-]),$(C(=O)O),$(C(=O)N)])aa([$(S(=O)(=O)),F,$(C(F)(F)(F)),$(C#N),$(N(=O)(=O)),$([N+](=O)[O-]),$(C(=O)O),$(C(=O)N)])a([$(S(=O)(=O)),F,$(C(F)(F)(F)),$(C#N),$(N(=O)(=O)),$([N+](=O)[O-]),$(C(=O)O),$(C(=O)N)])a1),$(O=[C,S]Oc1a([$(S(=O)(=O)),F,$(C(F)(F)(F)),$(C#N),$(N(=O)(=O)),$([N+](=O)[O-]),$(C(=O)O),$(C(=O)N)])aa([$(S(=O)(=O)),F,$(C(F)(F)(F)),$(C#N),$(N(=O)(=O)),$([N+](=O)[O-]),$(C(=O)O),$(C(=O)N)])aa([$(S(=O)(=O)),F,$(C(F)(F)(F)),$(C#N),$(N(=O)(=O)),$([N+](=O)[O-]),$(C(=O)O),$(C(=O)N)])1)]",BMS,7,0
339,3,trisub_bis_act_olefin,"[CH;!R;!$(C-N)]=C([$(S(=O)(=O)),$(C(F)(F)(F)),$(C#N),$(N(=O)(=O)),$([N+](=O)[O-]),$(C(=O))])([$(S(=O)(=O)),$(C(F)(F)(F)),$(C#N),$(N(=O)(=O)),$([N+](=O)[O-]),$(C(=O))])",BMS,7,0
340,3,vinyl_carbonyl_EWG,"[C;!R]([$(S(=O)(=O)),$(C(F)(F)(F)),$(C#N),$(N(=O)(=O)),$([N+](=O)[O-]),$(C=O)])([$(S(=O)(=O)),$(C(F)(F)(F)),$(C#N),$(N(=O)(=O)),$([N+](=O)[O-]),$(C=O)])=[C;!R]([C;!R](=O))([!$([#8]);!$([#7])])",BMS,7,0
341,4,ene_six_het_A(483),[#6]-1(-[#6](~[!#6&!#1]~[#6]-[!#6&!#1]-[#6]-1=[!#6&!#1])~[!#6&!#1])=[#6;!R],PAINS,6,0
342,4,hzone_phenol_A(479),c:1:c:c(:c(:c:c:1)-[#6]=[#7]-[#7])-[O;H1],PAINS,6,0
343,4,anil_di_alk_A(478),"[C;H2]N([C;H2])c1cc([$([H]),$([C;H2]),$([O][C;H2][C;H2])])c(N)c([H])c1",PAINS,6,0
344,4,indol_3yl_alk(461),"n:1(c(c(c:2:c:1:c:c:c:c:2-[H])-[C;D4]-[H])-[$([C;H2]),$([C]=,:[!C]),$([C;H1][N]),$([C;H1]([C;H2])[N;H1][C;H2]),$([C;H1]([C;H2])[C;H2][N;H1][C;H2])])-[$([H]),$([C;H2])]",PAINS,6,0
345,4,quinone_A(370),"[!#6&!#1]=[#6]-1-[#6]=,:[#6]-[#6](=[!#6&!#1])-[#6]=,:[#6]-1",PAINS,6,0
346,4,azo_A(324),[#7;!R]=[#7],PAINS,6,0
347,4,imine_one_A(321),"[#6]-[#6](=[!#6&!#1;!R])-[#6](=[!#6&!#1;!R])-[$([#6]),$([#16](=[#8])=[#8])]",PAINS,6,0
348,4,mannich_A(296),[#7]-[C;X4]-c1ccccc1-[O;H1],PAINS,6,0
349,4,anil_di_alk_B(251),c:1:c:c(:c:c:c:1-[#7](-[#6;X4])-[#6;X4])-[#6]=[#6],PAINS,6,0
350,4,anil_di_alk_C(246),"c:1:c:c(:c:c:c:1-[#8]-[#6;X4])-[#7](-[#6;X4])-[$([#1]),$([#6;X4])]",PAINS,6,0
351,4,ene_rhod_A(235),[#7]-1-[#6](=[#16])-[#16]-[#6](=[#6])-[#6]-1=[#8],PAINS,6,0
352,4,hzone_phenol_B(215),c:1(:c:c:c(:c:c:1)-[#6]=[#7]-[#7])-[#8]-[#1],PAINS,6,0
353,4,ene_five_hetA1(201A),"[#6]-1(=[#6])-[#6]=[#7]-[#7,#8,#16]-[#6]-1=[#8]",PAINS,6,0
354,4,ene_five_het_A(201),[#6]-1(=[#6])-[#6]=[#7]-[!#6&!#1]-[#6]-1=[#8],PAINS,6,0
355,4,anil_di_alk_D(198),"c:1:c:c(:c:c:c:1-[#7](-[#6;X4])-[#6;X4])-[#6;X4]-[$([#8]-[#1]),$([#6]=[#6]-[#1]),$([#7]-[#6;X4])]",PAINS,6,0
356,4,imine_one_isatin(189),[#8]=[#6]-2-[#6](=!@[#7]-[#7])-c:1:c:c:c:c:c:1-[#7]-2,PAINS,6,0
357,4,anil_di_alk_E(186),"[#6](-[#1])-[#7](-[#6](-[#1])-[#1])-c:1:c(:c(:c(:c(:c:1-[#1])-[$([#1]),$([#6](-[#1])-[#1])])-[#6](-[#1])-[$([#1]),$([#6]-[#1])])-[#1])-[#1]",PAINS,6,0
358,4,thiaz_ene_A(128),"[#6]-1(=[#6](-[$([#1]),$([#6](-[#1])-[#1]),$([#6]=[#8])])-[#16]-[#6](-[#7]-1-[$([#1]),$([#6]-[#1]),$([#6]:[#6])])=[#7;!R])-[$([#6](-[#1])-[#1]),$([#6]:[#6])]",PAINS,6,0
359,4,pyrrole_A(118),n2(-[#6]:1:[!#1]:[#6]:[#6]:[#6]:[#6]:1)c(cc(c2-[#6;X4])-[#1])-[#6;X4],PAINS,6,0
360,4,catechol_A(92),c:1:c:c(:c(:c:c:1)-[#8;H1])-[#8;H1],PAINS,6,0
361,4,ene_five_het_B(90),[#6]-1(=[#6])-[#6](-[#7]=[#6]-[#16]-1)=[#8],PAINS,6,0
362,4,imine_one_fives(89),[#6]-1=[!#1]-[!#6&!#1]-[#6](-[#6]-1=[!#6&!#1;!R])=[#8],PAINS,6,0
363,4,ene_five_het_C(85),[#6]-1(-[#6](-[#6]=[#6]-[!#6&!#1]-1)=[#6])=[!#6&!#1],PAINS,6,0
364,4,hzone_pipzn(79),"CN1[C;H2][C;H2]N(N=[C;H1][#6]=,:[#6])[C;H2][C;H2]1",PAINS,6,0
365,4,keto_keto_beta_A(68),c:1-2:c(:c:c:c:c:1)-[#6](=[#8])-[#6;X4]-[#6]-2=[#8],PAINS,6,0
366,4,hzone_pyrrol(64),Cn1cccc1C=NN,PAINS,6,0
367,4,ene_one_ene_A(57),[#6]=!@[#6](-[!#1])-@[#6](=!@[!#6&!#1])-@[#6](=!@[#6])-[!#1],PAINS,6,0
368,4,cyano_ene_amine_A(56),N#CC=C(N)C(C#N)C#N,PAINS,6,0
369,4,ene_five_one_A(55),c:1-2:c(:c:c:c:c:1)-[#6](=[#8])-[#6](=[#6])-[#6]-2=[#8],PAINS,6,0
370,4,cyano_pyridone_A(54),N#Cc1ccc[#7;H1]c1=S,PAINS,6,0
371,4,anil_alk_ene(51),c:1:c:c-2:c(:c:c:1)-[#6]-3-[#6](-[#6]-[#7]-2)-[#6]-[#6]=[#6]-3,PAINS,6,0
372,4,amino_acridine_A(46),c:1:c:2:c(:c:c:c:1):n:c:3:c(:c:2-[#7]):c:c:c:c:3,PAINS,6,0
373,4,ene_five_het_D(46),[#6]-1(=[#6])-[#6](=[#8])-[#7]-[#7]-[#6]-1=[#8],PAINS,6,0
374,4,thiophene_amino_Aa(45),[H]N([H])c1sc([!#1])c([!#1])c1C=O,PAINS,6,0
375,4,ene_five_het_E(44),[#7]-[#6]=!@[#6]-2-[#6](=[#8])-c:1:c:c:c:c:c:1-[!#6&!#1]-2,PAINS,6,0
376,4,sulfonamide_A(43),"NS(=O)(=O)c1cc([F,Cl,Br,I])cc([F,Cl,Br,I])c1O",PAINS,6,0
377,4,thio_ketone(43),[#6]-[#6](=[#16])-[#6],PAINS,6,0
378,4,sulfonamide_B(41),[H]N(c1ccc([O;H1])cc1)S(=O)=O,PAINS,6,0
379,4,anil_no_alk(40),"c:1(:c(:c(:c(:c(:c:1-[#1])-[#1])-[$([#8]),$([#7]),$([#6](-[#1])-[#1])])-[#1])-[#1])-[#7](-[#1])-[#1]",PAINS,6,0
380,4,thiophene_amino_Ab(40),"[$([#1]),$([#6](-[#1])-[#1]),$([#6]:[#6])]-c:1:c(:c(:c(:s:1)-[#7](-[#1])-[#6](=[#8])-[#6])-[#6](=[#8])-[#8])-[$([#6]:1:[#6]:[#6]:[#6]:[#6]:[#6]:1),$([#6]:1:[#16]:[#6]:[#6]:[#6]:1)]",PAINS,6,0
381,4,het_pyridiniums_A(39),"[H]c1c([$([N]),$([H])])ccc2ccc[n+]([$([O;X1]),$([C;H3]),$([#6][#6]:[#6]),$([#6][#6][#8]),$([#6][#6](C)=[#8]),$([#6][#6](N)=[#8]),$([#6][#6][#6])])c12",PAINS,6,0
382,4,anthranil_one_A(38),CC(=O)c1ccccc1[#7;H1][!$([#6]=[#8])],PAINS,6,0
383,4,cyano_imine_A(37),[#7;H1][#7]=[#6](-[#6]#[#7])-[#6]=[!#6&!#1;!R],PAINS,6,0
384,4,diazox_sulfon_A(36),"[#7](-c:1:c:c:c:c:c:1)-[#16](=[#8])(=[#8])-[#6]:2:[#6]:[#6]:[#6]:[#6]:3:[#7]:[$([#8]),$([#16])]:[#7]:[#6]:2:3",PAINS,6,0
385,4,hzone_anil_di_alk(35),"[#6](-[#1])(-[#1])-[#7](-[#6](-[#1])-[#1])-c:1:c(:c(:c(:c(:c:1-[#1])-[#1])-[#6](-[#1])=[#7]-[#7]-[$([#6](=[#8])-[#6](-[#1])(-[#1])-[#16]-[#6]:[#7]),$([#6](=[#8])-[#6](-[#1])(-[#1])-[!#1]:[!#1]:[#7]),$([#6](=[#8])-[#6]:[#6]-[#8]-[#1]),$([#6]:[#7]),$([#6](-[#1])(-[#1])-[#6](-[#1])-[#8]-[#1])])-[#1])-[#1]",PAINS,6,0
386,4,rhod_sat_A(33),[#7]-1-[#6](=[#16])-[#16]-[#6;X4]-[#6]-1=[#8],PAINS,6,0
387,4,hzone_enamin(30),"[#7][#7]=[#6][#6](-[$([#1]),$([#6])])=[#6]([#6])-!@[$([#7]),$([#8])]",PAINS,6,0
388,4,pyrrole_B(29),[#6;X4]c1ccc([#6]:[#6])n1c2ccccc2,PAINS,6,0
389,4,thiophene_hydroxy(28),s1ccc(c1)-[#8;H1],PAINS,6,0
390,4,cyano_pyridone_B(27),"[!#6][#6]1=,:[#7][#6]([#6])=,:[#6](C#N)[#6](=O)[#7]1",PAINS,6,0
391,4,imine_one_sixes(27),[#6]-1(-[#6](=[#8])-[#7]-[#6](=[#8])-[#7]-[#6]-1=[#8])=[#7],PAINS,6,0
392,4,dyes5A(27),"[#6]=,:[#6]:[#7]([#6])~[#6]:[#6]=,:[#6][#6]~[#6]:[#7]",PAINS,6,0
393,4,naphth_amino_A(25),"c1cc2cccc3[#7][#6]=,:[#7]c(c1)c23",PAINS,6,0
394,4,naphth_amino_B(25),[C;X4]1[N;H1]c3cccc2cccc([N;H1]1)c23,PAINS,6,0
395,4,ene_one_ester(24),[#6]-[#8]-[#6](=[#8])-[#6](-[#7][#6])=[#6]-[#6](-[#6])=[#8],PAINS,6,0
396,4,thio_dibenzo(23),"S=[#6]1[#6]=,:[#6][!#6,!#6][#6]=,:[#6]1",PAINS,6,0
397,4,cyano_cyano_A(23),"[#6](-[#6]#[#7])(-[#6]#[#7])-[#6](-[$([#6]#[#7]),$([#6]=[#7])])-[#6]#[#7]",PAINS,6,0
398,4,hzone_acyl_naphthol(22),[H]c2c([H])c([H])c1c([H])c(C(=O)NN=C)c(O)c([H])c1c2[H],PAINS,6,0
399,4,het_65_A(21),O=Cc1cnn2c([#8;H1])ccnc12,PAINS,6,0
400,4,imidazole_A(19),n:1:c(:n(:c(:c:1-c:2:c:c:c:c:c:2)-c:3:c:c:c:c:c:3)-[#1])-[#6]:[!#1],PAINS,6,0
401,4,ene_cyano_A(19),[#6](-[#6]#[#7])(-[#6]#[#7])=[#6]-c:1:c:c:c:c:c:1,PAINS,6,0
402,4,anthranil_acid_A(19),C=NNc1ccccc1C(=O)[#8;H1],PAINS,6,0
403,4,dyes3A(19),"[#6]-,:[#6]:[#7+]=,:[#6][#6]=[#6][#7][#6;X4]",PAINS,6,0
404,4,dhp_bis_amino_CN(19),"[#6]=,:[#6]C1C(C#N)=C(N)SC(N)=C1C#N",PAINS,6,0
405,4,het_6_tetrazine(18),"[#7]~[#6]:1:[#7]:[#7]:[#6](:[$([#7]),$([#6]-[#1]),$([#6]-[#7]-[#1])]:[$([#7]),$([#6]-[#7])]:1)-[$([#7]-[#1]),$([#8]-[#6](-[#1])-[#1])]",PAINS,6,0
406,4,ene_one_hal(17),"[#6]-[#6]=[#6](-[F,Cl,Br,I])-[#6](=[#8])-[#6]",PAINS,6,0
407,4,cyano_imine_B(17),N#CC(C#N)=NNc1ccccc1,PAINS,6,0
408,4,thiaz_ene_B(17),"[#6]NC(=O)-!@[#6]1=,:[#6]([$([N]),$(NC(=O)[#6]:[#6])])[#7]([$([#6;H2]-[#6;H1]=[#6;H2]),$([#6]=,:[#6])])[#6](=S)[#16]1",PAINS,6,0
409,4,ene_rhod_B(16),"[H]C([$([#6]-[#35]),$([#6]:[#6](-[#1]):[#6](-[F,Cl,Br,I]):[#6]:[#6]-[F,Cl,Br,I]),$([#6]:[#6](-[#1]):[#6](-[#1]):[#6]-[#16]-[#6](-[#1])-[#1]),$([#6]:[#6]:[#6]:[#6]:[#6]:[#6]:[#6]:[#6]:[#6]:[#6]-[#8]-[#6;H2]),$([#6]:1:[#6](-[#6;H2]):[#7](-[#6;H2]):[#6](-[#6;H2]):[#6]:1)])=C1SC(=O)[N]C1=O",PAINS,6,0
410,4,thio_carbonate_A(15),"[#7,#8]c2ccc1oc(=[#8,#16])sc1c2",PAINS,6,0
411,4,anil_di_alk_furan_A(15),[#7](-[#6](-[#1])-[#1])(-[#6](-[#1])-[#1])-c:1:c(:c(:c(:o:1)-[#6]=[#7]-[#7](-[#1])-[#6]=[!#6&!#1])-[#1])-[#1],PAINS,6,0
412,4,ene_five_het_F(15),O=[#6]2[#6](=!@[#6]c1ccccc1)Sc3ccccc23,PAINS,6,0
413,4,anil_di_alk_F(14),"c:1:c:c(:c:c:c:1-[#6;X4]-c:2:c:c:c(:c:c:2)-[#7](-[$([#1]),$([#6;X4])])-[$([#1]),$([#6;X4])])-[#7](-[$([#1]),$([#6;X4])])-[$([#1]),$([#6;X4])]",PAINS,6,0
414,4,hzone_anil(14),c:1(:c(:c(:c(:c(:c:1-[#1])-[#1])-[#7](-[#1])-[#1])-[#1])-[#1])-[#6]=[#7]-[#7]-[#1],PAINS,6,0
415,4,het_5_pyrazole_OH(14),"c1(nn(c(c1-[$([#1]),$([#6]-[#1])])-[#8]-[#1])-c:2:c(:c(:c(:c(:c:2-[#1])-[#1])-[#1])-[#1])-[#1])-[#6;X4]",PAINS,6,0
416,4,het_thio_666_A(13),"c:2(:c:1-[#16]-c:3:c(-[#7](-c:1:c(:c(:c:2-[#1])-[#1])-[#1])-[$([#1]),$([#6](-[#1])(-[#1])-[#1]),$([#6](-[#1])(-[#1])-[#6]-[#1])]):c(:c(~[$([#1]),$([#6]:[#6])]):c(:c:3-[#1])-[$([#1]),$([#7](-[#1])-[#1]),$([#8]-[#6;X4])])~[$([#1]),$([#7](-[#1])-[#6;X4]),$([#6]:[#6])])-[#1]",PAINS,6,0
417,4,styrene_A(13),[#6]-2-[#6]-c:1:c(:c:c:c:c:1)-[#6](-c:3:c:c:c:c:c-2:3)=[#6]-[#6],PAINS,6,0
418,4,ene_rhod_C(13),"[#16]-1-[#6](=[#7]-[#6]:[#6])-[#7](-[$([#1]),$([#6](-[#1])(-[#1])-[#6](-[#1])(-[#1])-[#8]),$([#6]:[#6])])-[#6](=[#8])-[#6]-1=[#6](-[#1])-[$([#6]:[#6]:[#6]-[#17]),$([#6]:[!#6&!#1])]",PAINS,6,0
419,4,dhp_amino_CN_A(13),[#7](-[#1])(-[#1])-[#6]-1=[#6](-[#6]#[#7])-[#6](-[#1])(-[#6]:[#6])-[#6](=[#6](-[#6]=[#6])-[#8]-1)-[#6](-[#1])-[#1],PAINS,6,0
420,4,cyano_imine_C(12),[#8]=[#16](=[#8])-[#6](-[#6]#[#7])=[#7]-[#7]-[#1],PAINS,6,0
421,4,thio_urea_A(12),c:1:c:c:c:c:c:1-[#7](-[#1])-[#6](=[#16])-[#7](-[#1])-[#6](-[#1])(-[#1])-[#6](-[#1])(-[#1])-[#6](-[#1])(-[#1])-[#7](-[#6](-[#1])-[#1])-c:2:c:c:c:c:c:2,PAINS,6,0
422,4,thiophene_amino_B(12),"c:1:c(:c:c:c:c:1)-[#7](-[#1])-c:2:c(:c(:c(:s:2)-[$([#6]=[#8]),$([#6]#[#7]),$([#6](-[#8]-[#1])=[#6])])-[#7])-[$([#6]#[#7]),$([#6](:[#7]):[#7])]",PAINS,6,0
423,4,keto_keto_beta_B(12),[#6;X4]-1-[#6](=[#8])-[#7]-[#7]-[#6]-1=[#8],PAINS,6,0
424,4,keto_phenone_A(11),c:1:c-3:c(:c:c:c:1)-[#6]:2:[#7]:[!#1]:[#6]:[#6]:[#6]:2-[#6]-3=[#8],PAINS,6,0
425,4,cyano_pyridone_C(11),[#6]-1(-[#6](=[#6](-[#6]#[#7])-[#6](~[#8])~[#7]~[#6]-1~[#8])-[#6](-[#1])-[#1])=[#6](-[#1])-[#6]:[#6],PAINS,6,0
426,4,thiaz_ene_C(11),"[#6]-1(=[#6](-!@[#6]=[#7])-[#16]-[#6](-[#7]-1)=[#8])-[$([F,Cl,Br,I]),$([#7+](:[#6]):[#6])]",PAINS,6,0
427,4,hzone_thiophene_A(11),"c:1:2:c(:c(:c(:c(:c:1-[#1])-[#1])-[#1])-[#1]):[!#6&!#1]:[#6](:[#6]:2-[#6](-[#1])=[#7]-[#7](-[#1])-[$([#6]:1:[#7]:[#6]:[#6](-[#1]):[#16]:1),$([#6]:[#6](-[#1]):[#6]-[#1]),$([#6]:[#7]:[#6]:[#7]:[#6]:[#7]),$([#6]:[#7]:[#7]:[#7]:[#7])])-[$([#1]),$([#8]-[#1]),$([#6](-[#1])-[#1])]",PAINS,6,0
428,4,ene_quin_methide(10),"[!#1]:[!#1]-[#6](-[$([#1]),$([#6]#[#7])])=[#6]-1-[#6]=:[#6]-[#6](=[$([#8]),$([#7;!R])])-[#6]=:[#6]-1",PAINS,6,0
429,4,het_thio_676_A(10),"c:1:c:c-2:c(:c:c:1)-[#6]-[#6](-c:3:c(-[#16]-2):c(:c(-[#1]):c(:c:3-[#1])-[$([#1]),$([#8]),$([#16;X2]),$([#6;X4]),$([#7](-[$([#1]),$([#6;X4])])-[$([#1]),$([#6;X4])])])-[#1])-[#7](-[$([#1]),$([#6;X4])])-[$([#1]),$([#6;X4])]",PAINS,6,0
430,4,ene_five_het_G(10),"[#6]-1(=[#6])-[#6](-[#7,#16,#8][#6](-[!#1])=[#7]-1)=[#8]",PAINS,6,0
431,4,acyl_het_A(9),[#7+](:[!#1]:[!#1]:[!#1])-[!#1]=[#8],PAINS,6,0
432,4,anil_di_alk_G(9),[#6;X4]-[#7](-[#6;X4])-c:1:c(:c(:c(:c(:c:1-[#1])-[#1])-[#6]2=:[#7][#6]:[#6]:[!#1]2)-[#1])-[#1],PAINS,6,0
433,4,dhp_keto_A(9),"[#7]-1(-[$([#6;X4]),$([#1])])-[#6]=:[#6](-[#6](=[#8])-[#6]:[#6]:[#6])-[#6](-[#6])-[#6](=[#6]-1-[#6](-[#1])(-[#1])-[#1])-[$([#6]=[#8]),$([#6]#[#7])]",PAINS,6,0
434,4,thio_urea_B(9),c:1:c:c:c:c:c:1-[#7](-[#1])-[#6](=[#16])-[#7](-[#1])-[#6](-[#1])(-[#1])-[#6](-[#1])(-[#1])-[#7](-[#6](-[#1])-[#1])-c:2:c:c:c:c:c:2,PAINS,6,0
435,4,anil_alk_bim(9),c:1:3:c(:c(:c(:c(:c:1-[#1])-[#1])-[#7](-[#1])-[#6](-[#1])(-[#1])-c:2:c:c:c:c:c:2)-[#1]):n:c(-[#1]):n:3-[#6],PAINS,6,0
436,4,imine_imine_A(9),c:1:c:c-2:c(:c:c:1)-[#7]=[#6]-[#6]-2=[#7;!R],PAINS,6,0
437,4,thio_urea_C(9),c:1(:c:c:c:c:c:1)-[#7](-[#1])-[#6](=[#16])-[#7]-[#7](-[#1])-[#6](=[#8])-[#6]-2:[!#1]:[!#6&!#1]:[#6]:[#6]-2,PAINS,6,0
438,4,imine_one_fives_B(9),[#7;!R]=[#6]-2-[#6](=[#8])-c:1:c:c:c:c:c:1-[#16]-2,PAINS,6,0
439,4,dhp_amino_CN_B(9),"[$([#7](-[#1])-[#1]),$([#8]-[#1])]-[#6]-2=[#6](-[#6]#[#7])-[#6](-[#1])(-[#6]:[#6])-c:1:c(:n(-[#6]):n:c:1)-[#8]-2",PAINS,6,0
440,4,anil_OC_no_alk_A(8),[#7](-[#1])(-[#1])-c:1:c(:c(:c(:n:c:1-[#1])-[#8]-c:2:c:c:c:c:c:2)-[#1])-[#1],PAINS,6,0
441,4,het_thio_66_one(8),[#6](=[#8])-[#6]-1=[#6]-[#7]-c:2:c(-[#16]-1):c:c:c:c:2,PAINS,6,0
442,4,styrene_B(8),"c:1:c:c-2:c(:c:c:1)-[#6](-c:3:c(-[$([#16;X2]),$([#6;X4])]-2):c:c:c(:c:3)-[$([#1]),$([#17]),$([#6;X4])])=[#6]-[#6]",PAINS,6,0
443,4,het_thio_5_A(8),[#6](-[#1])(-[#1])-[#16;X2]-c:1:n:c(:c(:n:1-!@[#6](-[#1])-[#1])-c:2:c:c:c:c:c:2)-[#1],PAINS,6,0
444,4,anil_di_alk_ene_A(8),[#6](-[#1])(-[#1])-[#7](-[#6](-[#1])-[#1])-[#6]-2=[#6](-[#1])-c:1:c(:c:c:c:c:1)-[#16;X2]-c:3:c-2:c:c:c:c:3,PAINS,6,0
445,4,ene_rhod_D(8),"[#16]-1-[#6](=!@[#7]-[$([#1]),$([#7](-[#1])-[#6]:[#6])])-[#7](-[$([#1]),$([#6]:[#7]:[#6]:[#6]:[#16])])-[#6](=[#8])-[#6]-1=[#6](-[#1])-[#6]:[#6]-[$([#17]),$([#8]-[#6]-[#1])]",PAINS,6,0
446,4,ene_rhod_E(8),[#16]-1-[#6](=[#8])-[#7]-[#6](=[#16])-[#6]-1=[#6](-[#1])-[#6]:[#6],PAINS,6,0
447,4,anil_OH_alk_A(8),c:1:c(:c:c:c:c:1)-[#6](-[#1])(-[#1])-[#7](-[#1])-c:2:c(:c(:c(:c(:c:2-[#1])-[#1])-[#8]-[#1])-[#1])-[#1],PAINS,6,0
448,4,pyrrole_C(8),n1(-[#6;X4])c(c(-[#1])c(c1-[#6]:[#6])-[#1])-[#6](-[#1])-[#1],PAINS,6,0
449,4,thio_urea_D(8),c:1(:c:c:c:c:c:1)-[#7](-[#1])-[#6](=[#16])-[#7]-[#7](-[#1])-c:2:c:c:c:c:c:2,PAINS,6,0
450,4,thiaz_ene_D(8),[#7](-c:1:c:c:c:c:c:1)-c2[n+]c(cs2)-c:3:c:c:c:c:c:3,PAINS,6,0
451,4,ene_rhod_F(8),n:1:c:c:c(:c:1-[#6](-[#1])-[#1])-[#6](-[#1])=[#6]-2-[#6](=[#8])-[#7]-[#6](=[!#6&!#1])-[#7]-2,PAINS,6,0
452,4,thiaz_ene_E(8),"[#6]-1(=[#6](-[#6](-[#1])(-[#6])-[#6])-[#16]-[#6](-[#7]-1-[$([#1]),$([#6](-[#1])-[#1])])=[#8])-[#16]-[#6;R]",PAINS,6,0
453,4,het_65_B(7),[!#1]:1:[!#1]-2:[!#1](:[!#1]:[!#1]:[!#1]:1)-[#7](-[#1])-[#7](-[#6]-2=[#8])-[#6],PAINS,6,0
454,4,keto_keto_beta_C(7),c:1:c:c-2:c(:c:c:1)-[#6](=[#6](-[#6]-2=[#8])-[#6])-[#8]-[#1],PAINS,6,0
455,4,het_66_A(7),c:2:c:c:1:n:n:c(:n:c:1:c:c:2)-[#6](-[#1])(-[#1])-[#6]=[#8],PAINS,6,0
456,4,thio_urea_E(7),c:1:c:c:c:c:c:1-[#7](-[#1])-[#6](=[#16])-[#7](-[#1])-[#6](-[#1])(-[#1])-c:2:n:c:c:c:c:2,PAINS,6,0
457,4,thiophene_amino_C(7),"[#6](-[#1])-[#6](-[#1])(-[#1])-c:1:c(:c(:c(:s:1)-[#7](-[#1])-[#6](=[#8])-[#6]-[#6]-[#6]=[#8])-[$([#6](=[#8])-[#8]),$([#6]#[#7])])-[#6](-[#1])-[#1]",PAINS,6,0
458,4,hzone_phenone(7),"[#6](-c:1:c(:c(:c(:c:c:1-[#1])-[$([#6;X4]),$([#1])])-[#1])-[#1])(-c:2:c(:c(:c(:c(:c:2-[#1])-[#1])-[$([#1]),$([#17])])-[#1])-[#1])=[$([#7]-[#8]-[#6](-[#1])(-[#1])-[#6](-[#1])(-[#1])-[#6](-[#1])(-[#1])-[#7](-[#6](-[#1])-[#1])-[#6](-[#1])-[#1]),$([#7]-[#8]-[#6](-[#1])(-[#1])-[#6](-[#1])(-[#1])-[#7](-[#6](-[#1])-[#1])-[#6](-[#1])-[#1]),$([#7]-[#7](-[#1])-[#6](=[#7]-[#1])-[#7](-[#1])-[#1]),$([#6](-[#1])-[#7])]",PAINS,6,0
459,4,ene_rhod_G(7),[#8](-[#1])-[#6](=[#8])-c:1:c:c(:c:c:c:1)-[#6]:[!#1]:[#6]-[#6](-[#1])=[#6]-2-[#6](=[!#6&!#1])-[#7]-[#6](=[!#6&!#1])-[!#6&!#1]-2,PAINS,6,0
460,4,ene_cyano_B(7),[#6]-1(=[#6]-[#6](-c:2:c:c(:c(:n:c-1:2)-[#7](-[#1])-[#1])-[#6]#[#7])=[#6])-[#6]#[#7],PAINS,6,0
461,4,dhp_amino_CN_C(7),[#7](-[#1])(-[#1])-[#6]-1=[#6](-[#6]#[#7])-[#6](-[#1])(-[#6]:[#6])-[#6](=[#6](-[#6]:[#6])-[#8]-1)-[#6]#[#7],PAINS,6,0
462,4,het_5_A(7),[#7]-2(-c:1:c:c:c:c:c:1)-[#7]=[#6](-[#6]=[#8])-[#6;X4]-[#6]-2=[#8],PAINS,6,0
463,4,ene_five_het_H(6),[#7]-1=[#6]-[#6](-[#6](-[#7]-1)=[#16])=[#6],PAINS,6,0
464,4,thio_amide_A(6),c1(coc(c1-[#1])-[#6](=[#16])-[#7]-2-[#6](-[#1])(-[#1])-[#6](-[#1])(-[#1])-[!#1]-[#6](-[#1])(-[#1])-[#6]-2(-[#1])-[#1])-[#1],PAINS,6,0
465,4,ene_cyano_C(6),[#6]=[#6](-[#6]#[#7])-[#6](=[#7]-[#1])-[#7]-[#7],PAINS,6,0
466,4,hzone_furan_A(6),"c:1(:c(:c(:c(:o:1)-[$([#1]),$([#6](-[#1])-[#1])])-[#1])-[#1])-[#6](-[$([#1]),$([#6](-[#1])-[#1])])=[#7]-[#7](-[#1])-c:2:n:c:c:s:2",PAINS,6,0
467,4,anil_di_alk_H(6),c:1(:c(:c(:c(:c(:c:1-[#7](-[#1])-[#16](=[#8])(=[#8])-[#6]:2:[#6]:[!#1]:[#6]:[#6]:[#6]:2)-[#1])-[#7](-[#6](-[#1])-[#1])-[#6](-[#1])-[#1])-[#1])-[#1])-[#1],PAINS,6,0
468,4,het_65_C(6),"n2c1ccccn1c(c2-[$([#6](-[!#1])=[#6](-[#1])-[#6]:[#6]),$([#6]:[#8]:[#6])])-[#7]-[#6]:[#6]",PAINS,6,0
469,4,thio_urea_F(6),[#6]-1-[#7](-[#1])-[#7](-[#1])-[#6](=[#16])-[#7]-[#7]-1-[#1],PAINS,6,0
470,4,ene_five_het_I(6),c:1(:c:c:c:o:1)-[#6](-[#1])=!@[#6]-3-[#6](=[#8])-c:2:c:c:c:c:c:2-[!#6&!#1]-3,PAINS,6,0
471,4,keto_keto_gamma(5),[#8]=[#6]-1-[#6;X4]-[#6]-[#6](=[#8])-c:2:c:c:c:c:c-1:2,PAINS,6,0
472,4,quinone_B(5),c:1:c:c-2:c(:c:c:1)-[#6](-c3cccc4noc-2c34)=[#8],PAINS,6,0
473,4,het_6_pyridone_OH(5),[#8](-[#1])-c:1:n:c(:c:c:c:1)-[#8]-[#1],PAINS,6,0
474,4,hzone_naphth_A(5),"c:1:2:c(:c(:c(:c(:c:1:c(:c(:c(:c:2-[#1])-[#1])-[#6]=[#7]-[#7](-[#1])-[$([#6]:[#6]),$([#6]=[#16])])-[#1])-[#1])-[#1])-[#1])-[#1]",PAINS,6,0
475,4,thio_ester_A(5),[#6]-1=[#6](-[#16]-[#6](-[#6]=[#6]-1)=[#16])-[#7],PAINS,6,0
476,4,ene_misc_A(5),[#6]-1=[#6]-[#6](-[#8]-[#6]-1-[#8])(-[#8])-[#6],PAINS,6,0
477,4,cyano_pyridone_D(5),[#8]=[#6]-1-[#6](=[#6]-[#6](=[#7]-[#7]-1)-[#6]=[#8])-[#6]#[#7],PAINS,6,0
478,4,het_65_Db(5),C3=CN1C(=NC(=C1-[#7]-[#6])-c:2:c:c:c:c:n:2)C=C3,PAINS,6,0
479,4,het_666_A(5),[#7]N-2-c:1:c:c:c:c:c:1-[#6](=[#7])-c:3:c-2:c:c:c:c:3,PAINS,6,0
480,4,diazox_sulfon_B(5),c:1:c(:c:c:c:c:1)-[#7]-2-[#6](-[#1])-[#6](-[#1])-[#7](-[#6](-[#1])-[#6]-2-[#1])-[#16](=[#8])(=[#8])-c:3:c:c:c:c:4:n:s:n:c:3:4,PAINS,6,0
481,4,anil_NH_alk_A(5),c:1(:c(:c-2:c(:c(:c:1-[#1])-[#1])-[#7](-[#6](-[#7]-2-[#1])=[#8])-[#1])-[#1])-[#7](-[#1])-[#6](-[#1])-[#1],PAINS,6,0
482,4,sulfonamide_C(5),c:1(:c(:c-3:c(:c(:c:1-[#7](-[#1])-[#16](=[#8])(=[#8])-c:2:c:c:c(:c:c:2)-[!#6&!#1])-[#1])-[#8]-[#6](-[#8]-3)(-[#1])-[#1])-[#1])-[#1],PAINS,6,0
483,4,het_thio_N_55(5),[#6](-[#1])-[#6]:2:[#7]:[#7](-c:1:c:c:c:c:c:1):[#16]:3:[!#6&!#1]:[!#1]:[#6]:[#6]:2:3,PAINS,6,0
484,4,keto_keto_beta_D(5),[#8]=[#6]-[#6]=[#6](-[#1])-[#8]-[#1],PAINS,6,0
485,4,ene_rhod_H(5),[#7]-1-2-[#6](=[#7]-[#6](=[#8])-[#6](=[#7]-1)-[#6](-[#1])-[#1])-[#16]-[#6](=[#6](-[#1])-[#6]:[#6])-[#6]-2=[#8],PAINS,6,0
486,4,imine_ene_A(5),[#6]:[#6]-[#6](-[#1])=[#6](-[#1])-[#6](-[#1])=[#7]-[#7](-[#6;X4])-[#6;X4],PAINS,6,0
487,4,het_thio_656a(5),c:1:3:c(:c:c:c:c:1):c:2:n:n:c(-[#16]-[#6](-[#1])(-[#1])-[#6]=[#8]):n:c:2:n:3-[#6](-[#1])(-[#1])-[#6](-[#1])=[#6](-[#1])-[#1],PAINS,6,0
488,4,pyrrole_D(5),n1(-[#6])c(c(-[#1])c(c1-[#6](-[#1])(-[#1])-[#7](-[#1])-[#6](=[#16])-[#7]-[#1])-[#1])-[#1],PAINS,6,0
489,4,pyrrole_E(5),n2(-[#6]:1:[!#1]:[!#6&!#1]:[!#1]:[#6]:1-[#1])c(c(-[#1])c(c2-[#6;X4])-[#1])-[#6;X4],PAINS,6,0
490,4,thio_urea_G(5),c:1(:c:c:c:c:c:1)-[#7](-[#1])-[#6](=[#16])-[#7]-[#7](-[#1])-[#6]([#7;R])[#7;R],PAINS,6,0
491,4,anisol_A(5),"c:1(:c(:c(:c(:c(:c:1-[$([#1]),$([#6](-[#1])-[#1])])-[#1])-[#8]-[#6](-[#1])-[#1])-[#6](-[#1])(-[#1])-[$([#7](-[#1])-[#6](=[#8])-[#6](-[#1])(-[#1])-[#6](-[#1])(-[#1])-[#6](-[#1])-[#1]),$([#6](-[#1])(-[#6](-[#1])-[#1])-[#7](-[#1])-[#6](=[#16])-[#7]-[#1])])-[#1])-[#8]-[#6](-[#1])-[#1]",PAINS,6,0
492,4,pyrrole_F(5),n2(-[#6]:1:[#6](-[#6]#[#7]):[#6]:[#6]:[!#6&!#1]:1)c(c(-[#1])c(c2)-[#1])-[#1],PAINS,6,0
493,4,dhp_amino_CN_D(5),[#7](-[#1])(-[#1])-[#6]-2=[#6](-[#6]#[#7])-[#6](-[#1])(-[#6]:[#6])-c:1:c(:c:c:s:1)-[#8]-2,PAINS,6,0
494,4,thiazole_amine_A(4),[#7](-[#1])-c:1:n:c(:c:s:1)-c:2:c:n:c(-[#7](-[#1])-[#1]):s:2,PAINS,6,0
495,4,het_6_imidate_A(4),[#7]=[#6]-1-[#7](-[#1])-[#6](=[#6](-[#7]-[#1])-[#7]=[#7]-1)-[#7]-[#1],PAINS,6,0
496,4,anil_OC_no_alk_B(4),c:1:c(:c:2:c(:c:c:1):c:c:c:c:2)-[#8]-c:3:c(:c(:c(:c(:c:3-[#1])-[#1])-[#7]-[#1])-[#1])-[#1],PAINS,6,0
497,4,styrene_C(4),c:1:c:c-2:c(:c:c:1)-[#6]-[#16]-c3c(-[#6]-2=[#6])ccs3,PAINS,6,0
498,4,azulene(4),c:2:c:c:c:1:c(:c:c:c:1):c:c:2,PAINS,6,0
499,4,furan_acid_A(4),c:1(:c(:c(:c(:o:1)-[#6](-[#1])-[#1])-[#6](-[#1])(-[#1])-[#8]-[#6]:[#6])-[#1])-[#6](=[#8])-[#8]-[#1],PAINS,6,0
500,4,cyano_pyridone_E(4),[!#1]:[#6]-[#6]-1=[#6](-[#1])-[#6](=[#6](-[#6]#[#7])-[#6](=[#8])-[#7]-1-[#1])-[#6]:[#8],PAINS,6,0
501,4,anil_alk_thio(4),[#6]-1-3=[#6](-[#6](-[#7]-c:2:c:c:c:c:c-1:2)(-[#6])-[#6])-[#16]-[#16]-[#6]-3=[!#1],PAINS,6,0
502,4,anil_di_alk_I(4),c:1(:c(:c(:c(:c(:c:1-[#7](-[#1])-[#6](=[#8])-c:2:c:c:c:c:c:2)-[#1])-[#7](-[#6](-[#1])-[#1])-[#6](-[#1])-[#1])-[#1])-[#1])-[#1],PAINS,6,0
503,4,het_thio_6_furan(4),[#6](-[#1])(-[#1])-[#16;X2]-c:1:n:n:c(:c(:n:1)-c:2:c(:c(:c(:o:2)-[#1])-[#1])-[#1])-c:3:c(:c(:c(:o:3)-[#1])-[#1])-[#1],PAINS,6,0
504,4,anil_di_alk_ene_B(4),[#6](-[#1])(-[#1])-[#7](-[#6](-[#1])-[#1])-[#6]-2=[#6]-c:1:c(:c:c:c:c:1)-[#6]-2(-[#1])-[#1],PAINS,6,0
505,4,imine_one_B(4),"[#7](-[#1])(-c:1:c:c:c:c:c:1)-[#7]=[#6](-[#6](=[#8])-[#6](-[#1])-[#1])-[#7](-[#1])-[$([#7]-[#1]),$([#6]:[#6])]",PAINS,6,0
506,4,anil_OC_alk_A(4),c:1:2:c(:c(:c(:c(:c:1-[#1])-[#1])-[#1])-[#1]):o:c:3:c(-[#1]):c(:c(-[#8]-[#6](-[#1])-[#1]):c(:c:2:3)-[#1])-[#7](-[#1])-[#6](-[#1])-[#1],PAINS,6,0
507,4,ene_five_het_J(4),[#16]=[#6]-1-[#7](-[#1])-[#6]=[#6]-[#6]-2=[#6]-1-[#6](=[#8])-[#8]-[#6]-2=[#6]-[#1],PAINS,6,0
508,4,pyrrole_G(4),"n2(-c:1:c(:c:c(:c(:c:1)-[#1])-[$([#7](-[#1])-[#1]),$([#6]:[#7])])-[#1])c(c(-[#1])c(c2-[#1])-[#1])-[#1]",PAINS,6,0
509,4,ene_five_het_K(4),n1(-[#6])c(c(-[#1])c(c1-[#6](-[#1])=[#6]-2-[#6](=[#8])-[!#6&!#1]-[#6]=:[!#1]-2)-[#1])-[#1],PAINS,6,0
510,4,cyano_ene_amine_B(4),[#6]=[#6]-[#6](-[#6]#[#7])(-[#6]#[#7])-[#6](-[#6]#[#7])=[#6]-[#7](-[#1])-[#1],PAINS,6,0
511,4,thio_ester_B(4),"[#6]:[#6]-[#6](=[#16;X1])-[#16;X2]-[#6](-[#1])-[$([#6](-[#1])-[#1]),$([#6]:[#6])]",PAINS,6,0
512,4,ene_five_het_L(4),[#8]=[#6]-3-[#6](=!@[#6](-[#1])-c:1:c:n:c:c:1)-c:2:c:c:c:c:c:2-[#7]-3,PAINS,6,0
513,4,hzone_thiophene_B(4),"c:1(:c(:c(:c(:s:1)-[#1])-[#1])-[$([#1]),$([#6](-[#1])-[#1])])-[#6](-[#1])=[#7]-[#7](-[#1])-c:2:c:c:c:c:c:2",PAINS,6,0
514,4,dhp_amino_CN_E(4),[#6](-[#1])(-[#1])-[#16;X2]-[#6]-1=[#6](-[#6]#[#7])-[#6](-[#1])(-[#6]:[#6])-[#6](-[#6]#[#7])-[#6](=[#8])-[#7]-1,PAINS,6,0
515,4,het_5_B(4),[#7]-2(-c:1:c:c:c:c:c:1)-[#7]=[#6](-[#7](-[#1])-[#6]=[#8])-[#6](-[#1])(-[#1])-[#6]-2=[#8],PAINS,6,0
516,4,imine_imine_B(3),[#6]:[#6]-[#6](-[#1])=[#6](-[#1])-[#6](-[#1])=[#7]-[#7]=[#6],PAINS,6,0
517,4,thiazole_amine_B(3),c:1(:c:c:c(:c:c:1)-[#6](-[#1])-[#1])-c:2:c(:s:c(:n:2)-[#7](-[#1])-[#1])-[#6](-[#1])(-[#1])-[#1],PAINS,6,0
518,4,imine_ene_one_A(3),[#6]-2(-[#6]=[#7]-c:1:c:c:c:c:c:1-[#7]-2)=[#6](-[#1])-[#6]=[#8],PAINS,6,0
519,4,diazox_A(3),[#8](-c:1:c:c:c:c:c:1)-c:3:c:c:2:n:o:n:c:2:c:c:3,PAINS,6,0
520,4,ene_one_A(3),[!#1]:1:[!#1]:[!#1]:[!#1](:[!#1]:[!#1]:1)-[#6](-[#1])=[#6](-[#1])-[#6](-[#7]-c:2:c:c:c:3:c(:c:2):c:c:c(:n:3)-[#7](-[#6])-[#6])=[#8],PAINS,6,0
521,4,anil_OC_no_alk_C(3),[#7](-[#1])(-[#1])-c:1:c(:c:c:c:n:1)-[#8]-[#6](-[#1])(-[#1])-[#6]:[#6],PAINS,6,0
522,4,thiazol_SC_A(3),[#6]-[#16;X2]-c:1:n:c(:c:s:1)-[#1],PAINS,6,0
523,4,het_666_B(3),c:1:c-3:c(:c:c:c:1)-[#7](-c:2:c:c:c:c:c:2-[#8]-3)-[#6](-[#1])(-[#1])-[#6](-[#1])-[#1],PAINS,6,0
524,4,furan_A(3),c:1(:c(:c(:c(:o:1)-[#6](-[#1])-[#1])-[#1])-[#1])-[#6](-[#1])(-[#8]-[#1])-[#6]#[#6]-[#6;X4],PAINS,6,0
525,4,colchicine_A(3),[#6]-1(-[#6](=[#6]-[#6]=[#6]-[#6]=[#6]-1)-[#7]-[#1])=[#7]-[#6],PAINS,6,0
526,4,thiophene_C(3),"[#6](-[#1])(-[#1])-[#7](-[#6](-[#1])-[#1])-[#6](-[#1])=[#6]-[#6](=[#8])-c:1:c(-[#16;X2]):s:c(:c:1)-[$([#6]#[#7]),$([#6]=[#8])]",PAINS,6,0
527,4,anil_OC_alk_B(3),"c:1:3:c(:c:c:c:c:1)-[#7]-2-[#6](=[#8])-[#6](=[#6](-[F,Cl,Br,I])-[#6]-2=[#8])-[#7](-[#1])-[#6]:[#6]:[#6]:[#6](-[#8]-[#6](-[#1])-[#1]):[#6]:[#6]:3",PAINS,6,0
528,4,het_thio_66_A(3),c:1-2:c(:c:c:c:c:1)-[#6](-[#1])(-[#1])-[#6](-[#1])(-[#1])-[#7]=[#6]-2-[#16;X2]-[#6](-[#1])(-[#1])-[#6](=[#8])-c:3:c:c:c:c:c:3,PAINS,6,0
529,4,rhod_sat_B(3),[#7]-2(-c:1:c:c:c:c:c:1-[#6](-[#1])-[#1])-[#6](=[#16])-[#7](-[#6](-[#1])(-[#1])-[!#1]:[!#1]:[!#1]:[!#1]:[!#1])-[#6](-[#1])(-[#1])-[#6]-2=[#8],PAINS,6,0
530,4,ene_rhod_I(3),[#7]-2(-[#6](-[#1])-[#1])-[#6](=[#16])-[#7](-[#1])-[#6](=[#6](-[#1])-c:1:c:c:c:c(:c:1)-[Br])-[#6]-2=[#8],PAINS,6,0
531,4,keto_thiophene(3),c:1(:c(:c:2:c(:s:1):c:c:c:c:2)-[#6](-[#1])-[#1])-[#6](=[#8])-[#6](-[#1])(-[#1])-[#6](-[#1])-[#1],PAINS,6,0
532,4,imine_imine_C(3),[#7](-[#6](-[#1])-[#1])(-[#6](-[#1])-[#1])-[#6](-[#1])=[#7]-[#6](-[#6](-[#1])-[#1])=[#7]-[#7](-[#6](-[#1])-[#1])-[#6]:[#6],PAINS,6,0
533,4,het_65_pyridone_A(3),"[#6]:2(:[#6](-[#6](-[#1])-[#1]):[#6]-1:[#6](-[#7]=[#6](-[#7](-[#6]-1=[!#6&!#1;X1])-[#6](-[#1])-[$([#6](=[#8])-[#8]),$([#6]:[#6])])-[$([#1]),$([#16]-[#6](-[#1])-[#1])]):[!#6&!#1;X2]:2)-[#6](-[#1])(-[#1])-[#6](-[#1])-[#1]",PAINS,6,0
534,4,thiazole_amine_C(3),"c:1(:n:c(:c(-[#1]):s:1)-[!#1]:[!#1]:[!#1](-[$([#8]-[#6](-[#1])-[#1]),$([#6](-[#1])-[#1])]):[!#1]:[!#1])-[#7](-[#1])-[#6](-[#1])(-[#1])-c:2:c(-[#1]):c(:c(-[#1]):o:2)-[#1]",PAINS,6,0
535,4,het_thio_pyr_A(3),n:1:c(:c(:c(:c(:c:1-[#16]-[#6]-[#1])-[#6]#[#7])-c:2:c:c:c(:c:c:2)-[#8]-[#6](-[#1])-[#1])-[#1])-[#6]:[#6],PAINS,6,0
536,4,melamine_A(3),"c:1:4:c(:n:c(:n:c:1-[#7](-[#1])-[#6](-[#1])(-[#1])-c:2:c(:c(:c(:o:2)-[#1])-[#1])-[#1])-[#7](-[#1])-c:3:c:c(:c(:c:c:3-[$([#1]),$([#6](-[#1])-[#1]),$([#16;X2]),$([#8]-[#6]-[#1]),$([#7;X3])])-[$([#1]),$([#6](-[#1])-[#1]),$([#16;X2]),$([#8]-[#6]-[#1]),$([#7;X3])])-[$([#1]),$([#6](-[#1])-[#1]),$([#16;X2]),$([#8]-[#6]-[#1]),$([#7;X3])]):c:c:c:c:4",PAINS,6,0
537,4,anil_NH_alk_B(3),[#7](-[#1])(-[#6]:1:[#6]:[#6]:[!#1]:[#6]:[#6]:1)-c:2:c:c:c(:c:c:2)-[#7](-[#1])-[#6]-[#1],PAINS,6,0
538,4,rhod_sat_C(3),[#7]-2(-c:1:c:c:c:c:c:1)-[#6](=[#7]-[#6]=[#8])-[#16]-[#6](-[#1])(-[#1])-[#6]-2=[#8],PAINS,6,0
539,4,thiophene_amino_D(3),[#6]=[#6]-[#6](=[#8])-[#7]-c:1:c(:c(:c(:s:1)-[#6](=[#8])-[#8])-[#6]-[#1])-[#6]#[#7],PAINS,6,0
540,4,anil_OC_alk_C(3),"[$([#1]),$([#6](-[#1])-[#1])]-[#8]-c:1:c(:c(:c(:c(:c:1-[#1])-[#1])-[#1])-[#1])-[#7](-[#1])-[#6](-[#1])(-[#1])-c:2:n:c:c:n:2",PAINS,6,0
541,4,het_thio_65_A(3),[#6](-[#1])(-[#1])-[#16;X2]-c3nc1c(n(nc1-[#6](-[#1])-[#1])-c:2:c:c:c:c:c:2)nn3,PAINS,6,0
542,4,het_thio_656b(3),[#6]-[#6](=[#8])-[#6](-[#1])(-[#1])-[#16;X2]-c:3:n:n:c:2:c:1:c(:c(:c(:c(:c:1:n(:c:2:n:3)-[#1])-[#1])-[#1])-[#1])-[#1],PAINS,6,0
543,4,thiazole_amine_D(3),"s:1:c(:[n+](-[#6](-[#1])-[#1]):c(:c:1-[#1])-[#6])-[#7](-[#1])-c:2:c:c:c:c:c:2[$([#6](-[#1])-[#1]),$([#6]:[#6])]",PAINS,6,0
544,4,thio_urea_H(3),[#6]-2(=[#16])-[#7](-[#6](-[#1])(-[#1])-c:1:c:c:c:o:1)-[#6](=[#7]-[#7]-2-[#1])-[#6]:[#6],PAINS,6,0
545,4,cyano_pyridone_F(3),[#7]-2(-c:1:c:c:c:c:c:1)-[#6](=[#8])-[#6](=[#6]-[#6](=[#7]-2)-[#6]#[#7])-[#6]#[#7],PAINS,6,0
546,4,rhod_sat_D(3),[#7]-2(-c:1:c:c:c:c:c:1)-[#6](=[#8])-[#16]-[#6](-[#1])(-[#6](-[#1])(-[#1])-[#6](=[#8])-[#7](-[#1])-[#6]:[#6])-[#6]-2=[#8],PAINS,6,0
547,4,ene_rhod_J(3),"[#6](-[#1])(-[#1])-[#7]-2-[#6](=[$([#16]),$([#7])])-[!#6&!#1]-[#6](=[#6]-1-[#6](=[#6](-[#1])-[#6]:[#6]-[#7]-1-[#6](-[#1])-[#1])-[#1])-[#6]-2=[#8]",PAINS,6,0
548,4,imine_phenol_A(3),[#6]=[#7;!R]-c:1:c:c:c:c:c:1-[#8]-[#1],PAINS,6,0
549,4,thio_carbonate_B(3),[#8]=[#6]-2-[#16]-c:1:c(:c(:c:c:c:1)-[#8]-[#6](-[#1])-[#1])-[#8]-2,PAINS,6,0
550,4,het_thio_N_5A(3),[#7]=[#6]-1-[#7]=[#6]-[#7]-[#16]-1,PAINS,6,0
551,4,het_thio_N_65A(3),[#7]-2-[#16]-[#6]-1=[#6](-[#6]:[#6]-[#7]-[#6]-1)-[#6]-2=[#16],PAINS,6,0
552,4,anil_di_alk_J(3),[#6](-[#1])(-[#1])-[#7](-[#6](-[#1])-[#1])-c:1:c(:c(:c(:c(:c:1-[#1])-[#1])-[#6](-[#1])=[#7]-[#7]=[#6](-[#6])-[#6]:[#6])-[#1])-[#1],PAINS,6,0
553,4,pyrrole_H(3),n1-2cccc1-[#6]=[#7](-[#6])-[#6]-[#6]-2,PAINS,6,0
554,4,ene_cyano_D(3),[#6](-[#6]#[#7])(-[#6]#[#7])=[#6](-[#16])-[#16],PAINS,6,0
555,4,cyano_cyano_B(3),[#6]-1(-[#6]#[#7])(-[#6]#[#7])-[#6](-[#1])(-[#6](=[#8])-[#6])-[#6]-1-[#1],PAINS,6,0
556,4,ene_five_het_M(3),"[#6]-1=:[#6]-[#6](-[#6](-[$([#8]),$([#16])]-1)=[#6]-[#6]=[#8])=[#8]",PAINS,6,0
557,4,cyano_ene_amine_C(3),[#6]:[#6]-[#6](=[#8])-[#7](-[#1])-[#6](=[#8])-[#6](-[#6]#[#7])=[#6](-[#1])-[#7](-[#1])-[#6]:[#6],PAINS,6,0
558,4,thio_urea_I(3),c:1(:c:c:c:c:c:1)-[#7](-[#1])-[#6](=[#16])-[#7](-[#1])-[#7]=[#6]-c:2:c:n:c:c:2,PAINS,6,0
559,4,dhp_amino_CN_F(3),[#7](-[#1])(-[#1])-[#6]-2=[#6](-[#6]#[#7])-[#6](-[#1])(-c:1:c:c:c:s:1)-[#6](=[#6](-[#6](-[#1])-[#1])-[#8]-2)-[#6](=[#8])-[#8]-[#6],PAINS,6,0
560,4,anthranil_acid_B(3),c:1:c-3:c(:c:c(:c:1)-[#6](=[#8])-[#7](-[#1])-c:2:c(:c:c:c:c:2)-[#6](=[#8])-[#8]-[#1])-[#6](-[#7](-[#6]-3=[#8])-[#6](-[#1])-[#1])=[#8],PAINS,6,0
561,4,diazox_B(3),[Cl]-c:2:c:c:1:n:o:n:c:1:c:c:2,PAINS,6,0
562,4,thio_aldehyd_A(3),[#6]-[#6](=[#16])-[#1],PAINS,6,0
563,4,thio_amide_B(2),[#6;X4]-[#7](-[#1])-[#6](-[#6]:[#6])=[#6](-[#1])-[#6](=[#16])-[#7](-[#1])-c:1:c:c:c:c:c:1,PAINS,6,0
564,4,imidazole_B(2),[#6](-[#1])(-[#1])-[#6](-[#1])(-[#1])-[#16]-[#6](-[#1])(-[#1])-c1cn(cn1)-[#1],PAINS,6,0
565,4,thiazole_amine_E(2),[#8]=[#6]-[#7](-[#1])-c:1:c(-[#6]:[#6]):n:c(-[#6](-[#1])(-[#1])-[#6]#[#7]):s:1,PAINS,6,0
566,4,thiazole_amine_F(2),[#6](-[#1])-[#7](-[#1])-c:1:n:c(:c:s:1)-c2cnc3n2ccs3,PAINS,6,0
567,4,thio_ester_C(2),[#7]-1-[#6](=[#8])-[#6](=[#6](-[#6])-[#16]-[#6]-1=[#16])-[#1],PAINS,6,0
568,4,ene_one_B(2),[#6](-[#16])(-[#7])=[#6](-[#1])-[#6]=[#6](-[#1])-[#6]=[#8],PAINS,6,0
569,4,quinone_C(2),[#8]=[#6]-3-c:1:c(:c:c:c:c:1)-[#6]-2=[#6](-[#8]-[#1])-[#6](=[#8])-[#7]-c:4:c-2:c-3:c:c:c:4,PAINS,6,0
570,4,keto_naphthol_A(2),"c:1:2:c:c:c:c(:c:1:c(:c:c:c:2)-[$([#8]-[#1]),$([#7](-[#1])-[#1])])-[#6](-[#6])=[#8]",PAINS,6,0
571,4,thio_amide_C(2),[#6](-[#1])(-c:1:c:c:c:c:c:1)(-c:2:c:c:c:c:c:2)-[#6](=[#16])-[#7]-[#1],PAINS,6,0
572,4,phthalimide_misc(2),[#7]-2(-[#6](=[#8])-c:1:c(:c(:c(:c(:c:1-[#1])-[#6](=[#8])-[#8]-[#1])-[#1])-[#1])-[#6]-2=[#8])-c:3:c(:c:c(:c(:c:3)-[#1])-[#8])-[#1],PAINS,6,0
573,4,sulfonamide_D(2),c:1:c:c(:c:c:c:1-[#7](-[#1])-[#16](=[#8])=[#8])-[#7](-[#1])-[#16](=[#8])=[#8],PAINS,6,0
574,4,anil_NH_alk_C(2),[#6](-[#1])-[#7](-[#1])-c:1:c(:c(:c(:c(:c:1-[#1])-[#1])-[#1])-[#1])-[#7](-[#1])-[#6]-[#1],PAINS,6,0
575,4,het_65_E(2),s1c(c(c-2c1-[#7](-[#1])-[#6](-[#6](=[#6]-2-[#1])-[#6](=[#8])-[#8]-[#1])=[#8])-[#7](-[#1])-[#1])-[#6](=[#8])-[#7]-[#1],PAINS,6,0
576,4,hzide_naphth(2),c:2(:c:1:c(:c(:c(:c(:c:1:c(:c(:c:2-[#1])-[#1])-[#1])-[#1])-[#7](-[#1])-[#7](-[#1])-[#6]=[#8])-[#1])-[#1])-[#1],PAINS,6,0
577,4,anisol_B(2),[#6](-[#1])(-[#1])-c:1:c(:c(:c(:c(:c:1-[#8]-[#6](-[#1])-[#1])-[#1])-[#1])-[#6](-[#1])(-[#1])-[#7](-[#1])-[#6;X4])-[#1],PAINS,6,0
578,4,thio_carbam_ene(2),[#6]-1=[#6]-[#7]-[#6](-[#16]-[#6;X4]-1)=[#16],PAINS,6,0
579,4,thio_amide_D(2),[#6](-[#7](-[#6]-[#1])-[#6]-[#1]):[#6]-[#7](-[#1])-[#6](=[#16])-[#6]-[#1],PAINS,6,0
580,4,het_65_Da(2),n2nc(c1cccc1c2-[#6])-[#6],PAINS,6,0
581,4,thiophene_D(2),s:1:c(:c(-[#1]):c(:c:1-[#6](=[#8])-[#7](-[#1])-[#7]-[#1])-[#8]-[#6](-[#1])-[#1])-[#1],PAINS,6,0
582,4,het_thio_6_ene(2),[#6]-1:[#6]-[#7]=[#6]-[#6](=[#6]-[#7]-[#6])-[#16]-1,PAINS,6,0
583,4,cyano_keto_A(2),[#6](-[#1])(-[#1])-[#6](-[#1])(-[#6]#[#7])-[#6](=[#8])-[#6],PAINS,6,0
584,4,anthranil_acid_C(2),"c2(c(-[#7](-[#1])-[#1])n(-c:1:c:c:c:c:c:1-[#6](=[#8])-[#8]-[#1])nc2-[#6]=[#8])-[$([#6]#[#7]),$([#6]=[#16])]",PAINS,6,0
585,4,naphth_amino_C(2),c:2:c:1:c:c:c:c-3:c:1:c(:c:c:2)-[#7](-[#7]=[#6]-3)-[#1],PAINS,6,0
586,4,naphth_amino_D(2),c:2:c:1:c:c:c:c-3:c:1:c(:c:c:2)-[#7]-[#7]=[#7]-3,PAINS,6,0
587,4,thiazole_amine_G(2),c1csc(n1)-[#7]-[#7]-[#16](=[#8])=[#8],PAINS,6,0
588,4,het_66_B(2),c:1:c:c:c:2:c(:c:1):n:c(:n:c:2)-[#7](-[#1])-[#6]-3=[#7]-[#6](-[#6]=[#6]-[#7]-3-[#1])(-[#6](-[#1])-[#1])-[#6](-[#1])-[#1],PAINS,6,0
589,4,coumarin_A(2),c:1-3:c(:c(:c(:c(:c:1)-[#8]-[#6]-[#1])-[#1])-[#1])-c:2:c(:c(:c(:c(:c:2-[#1])-[#1])-[#8]-[#6](-[#1])-[#1])-[#1])-[#6](=[#8])-[#8]-3,PAINS,6,0
590,4,anthranil_acid_D(2),c:12:c(:c:c:c:n:1)c(c(-[#6](=[#8])~[#8;X1])s2)-[#7](-[#1])-[#1],PAINS,6,0
591,4,het_66_C(2),c:1:2:n:c(:c(:n:c:1:[#6]:[#6]:[#6]:[!#1]:2)-[#6](-[#1])=[#6](-[#8]-[#1])-[#6])-[#6](-[#1])=[#6](-[#8]-[#1])-[#6],PAINS,6,0
592,4,thiophene_amino_E(2),c1csc(c1-[#7](-[#1])-[#1])-[#6](-[#1])=[#6](-[#1])-c2cccs2,PAINS,6,0
593,4,het_6666_A(2),c:2:c:c:1:n:c:3:c(:n:c:1:c:c:2):c:c:c:4:c:3:c:c:c:c:4,PAINS,6,0
594,4,sulfonamide_E(2),[#6]:[#6]-[#7](-[#1])-[#16](=[#8])(=[#8])-[#7](-[#1])-[#6]:[#6],PAINS,6,0
595,4,anil_di_alk_K(2),c:1:c:c(:c:c:c:1-[#7](-[#1])-[#1])-[#7](-[#6;X3])-[#6;X3],PAINS,6,0
596,4,het_5_C(2),"[#7]-2=[#6](-c:1:c:c:c:c:c:1)-[#6](-[#1])(-[#1])-[#6](-[#8]-[#1])(-[#6](-[#9])(-[#9])-[#9])-[#7]-2-[$([#6]:[#6]:[#6]:[#6]:[#6]:[#6]),$([#6](=[#16])-[#6]:[#6]:[#6]:[#6]:[#6]:[#6])]",PAINS,6,0
597,4,ene_six_het_B(2),c:1:c(:c:c:c:c:1)-[#6](=[#8])-[#6](-[#1])=[#6]-3-[#6](=[#8])-[#7](-[#1])-[#6](=[#8])-[#6](=[#6](-[#1])-c:2:c:c:c:c:c:2)-[#7]-3-[#1],PAINS,6,0
598,4,steroid_A(2),[#8]=[#6]-4-[#6]-[#6]-[#6]-3-[#6]-2-[#6](=[#8])-[#6]-[#6]-1-[#6]-[#6]-[#6]-[#6]-1-[#6]-2-[#6]-[#6]-[#6]-3=[#6]-4,PAINS,6,0
599,4,het_565_A(2),c:1:2:c:3:c(:c(-[#8]-[#1]):c(:c:1:c(:c:n:2-[#6])-[#6]=[#8])-[#1]):n:c:n:3,PAINS,6,0
600,4,thio_imine_ium(2),[#6;X4]-[#7+](-[#6;X4]-[#8]-[#1])=[#6]-[#16]-[#6]-[#1],PAINS,6,0
601,4,anthranil_acid_E(2),[#6]-3(=[#8])-[#6](=[#6](-[#1])-[#7](-[#1])-c:1:c:c:c:c:c:1-[#6](=[#8])-[#8]-[#1])-[#7]=[#6](-c:2:c:c:c:c:c:2)-[#8]-3,PAINS,6,0
602,4,hzone_furan_B(2),"c:1(:c(:c(:c(:o:1)-[$([#1]),$([#6](-[#1])-[#1])])-[#1])-[#1])-[#6](-[$([#1]),$([#6](-[#1])-[#1])])=[#7]-[#7](-[#1])-c:2:c:c:n:c:c:2",PAINS,6,0
603,4,thiophene_E(2),"c:1(:c(:c(:c(:s:1)-[$([#1]),$([#6](-[#1])-[#1])])-[#1])-[#1])-[#6](-[$([#1]),$([#6](-[#1])-[#1])])-[#6](=[#8])-[#7](-[#1])-c:2:n:c:c:s:2",PAINS,6,0
604,4,ene_misc_B(2),[#6]:[#6]-[#6](-[#1])(-[#1])-[#6](-[#1])(-[#6]=[#8])-[#7]-2-[#6](=[#8])-[#6]-1(-[#1])-[#6](-[#1])(-[#1])-[#6]=[#6]-[#6](-[#1])(-[#1])-[#6]-1(-[#1])-[#6]-2=[#8],PAINS,6,0
605,4,het_thio_5_B(2),[#6]-1(-[#6]=[#8])(-[#6]:[#6])-[#16;X2]-[#6]=[#7]-[#7]-1-[#1],PAINS,6,0
606,4,thiophene_amino_F(2),[#7](-[#1])(-[#1])-c:1:c(:c(:c(:s:1)-[#7](-[#1])-[#6](=[#8])-c:2:c:c:c:c:c:2)-[#6]#[#7])-[#6]:3:[!#1]:[!#1]:[!#1]:[!#1]:[!#1]:3,PAINS,6,0
607,4,anil_OC_alk_D(2),"[#6](-[#1])(-[#1])-[#8]-c:1:c(:c(:c(:c(:c:1-[#1])-[#1])-[#6](-[#1])-[#1])-[#1])-[#7](-[#1])-[#6](-[#1])(-[#1])-c:2:c:c:c:c:c:2-[$([#6](-[#1])-[#1]),$([#8]-[#6](-[#1])-[#1])]",PAINS,6,0
608,4,tert_butyl_A(2),[#6](-[#1])(-[#1])(-[#1])-[#6](-[#6](-[#1])(-[#1])-[#1])(-[#6](-[#1])(-[#1])-[#1])-c:1:c(:c:c(:c(:c:1-[#1])-[#6](-[#6](-[#1])(-[#1])-[#1])(-[#6](-[#1])(-[#1])-[#1])-[#6](-[#1])(-[#1])-[#1])-[#8]-[#6](-[#1])-[#7])-[#1],PAINS,6,0
609,4,thio_urea_J(2),c:1(:c(:o:c:c:1)-[#6]-[#1])-[#6]=[#7]-[#7](-[#1])-[#6](=[#16])-[#7]-[#1],PAINS,6,0
610,4,het_thio_65_B(2),[#7](-[#1])-c1nc(nc2nnc(n12)-[#16]-[#6])-[#7](-[#1])-[#6],PAINS,6,0
611,4,coumarin_B(2),c:1-2:c(:c:c:c:c:1-[#6](-[#1])(-[#1])-[#6](-[#1])=[#6](-[#1])-[#1])-[#6](=[#6](-[#6](=[#8])-[#7](-[#1])-[#6]:[#6])-[#6](=[#8])-[#8]-2)-[#1],PAINS,6,0
612,4,thio_urea_K(2),[#6]-2(=[#16])-[#7]-1-[#6]:[#6]-[#7]=[#7]-[#6]-1=[#7]-[#7]-2-[#1],PAINS,6,0
613,4,thiophene_amino_G(2),[#6]:[#6]:[#6]:[#6]:[#6]:[#6]-c:1:c:c(:c(:s:1)-[#7](-[#1])-[#6](=[#8])-[#6])-[#6](=[#8])-[#8]-[#1],PAINS,6,0
614,4,anil_NH_alk_D(2),[#7](-[#1])(-[#1])-c:1:c(:c(:c(:c:c:1-[#7](-[#1])-[#6](-[#1])(-[#6])-[#6](-[#1])-[#6](-[#1])-[#1])-[#1])-[#1])-[#1],PAINS,6,0
615,4,het_thio_5_C(2),[#16]=[#6]-2-[#7](-[#1])-[#7]=[#6](-c:1:c(:c(:c(:c(:c:1-[#1])-[#1])-[#8]-[#6](-[#1])-[#1])-[#1])-[#1])-[#8]-2,PAINS,6,0
616,4,thio_keto_het(2),[#16]=[#6]-c:1:c:c:c:2:c:c:c:c:n:1:2,PAINS,6,0
617,4,het_thio_N_5B(2),[#6]~1~[#6](~[#7]~[#7]~[#6](~[#6](-[#1])-[#1])~[#6](-[#1])-[#1])~[#7]~[#16]~[#6]~1,PAINS,6,0
618,4,quinone_D(2),[#6]-1(-[#6]=:[#6]-[#6]=:[#6]-[#6]-1=[!#6&!#1])=[!#6&!#1],PAINS,6,0
619,4,anil_di_alk_furan_B(2),[#6](-[#1])(-[#1])-[#7](-[#6](-[#1])-[#1])-c:1:c(-[#1]):c(:c(:o:1)-[#6](-[#1])=[#6]-[#6]#[#7])-[#1],PAINS,6,0
620,4,ene_six_het_C(2),[#8]=[#6]-1-[#6]:[#6]-[#6](-[#1])(-[#1])-[#7]-[#6]-1=[#6]-[#1],PAINS,6,0
621,4,het_55_A(2),[#6]:[#6]-[#7]:2:[#7]:[#6]:1-[#6](-[#1])(-[#1])-[#16;X2]-[#6](-[#1])(-[#1])-[#6]:1-[#6]:2-[#7](-[#1])-[#6](=[#8])-[#6](-[#1])=[#6]-[#1],PAINS,6,0
622,4,het_thio_65_C(2),n:1:c(:n(:c:2:c:1:c:c:c:c:2)-[#6](-[#1])-[#1])-[#16]-[#6](-[#1])(-[#1])-[#6](=[#8])-[#7](-[#1])-[#7]=[#6](-[#1])-[#6](-[#1])=[#6]-[#1],PAINS,6,0
623,4,hydroquin_A(2),c:1(:c:c(:c(:c:c:1)-[#8]-[#1])-[#6](=!@[#6]-[#7])-[#6]=[#8])-[#8]-[#1],PAINS,6,0
624,4,anthranil_acid_F(2),c:1(:c:c(:c(:c:c:1)-[#7](-[#1])-[#6](=[#8])-[#6]:[#6])-[#6](=[#8])-[#8]-[#1])-[#8]-[#1],PAINS,6,0
625,4,pyrrole_I(2),n2(-[#6](-[#1])-[#1])c-1c(-[#6]:[#6]-[#6]-1=[#8])cc2-[#6](-[#1])-[#1],PAINS,6,0
626,4,thiophene_amino_H(2),[#6](-[#1])-[#7](-[#1])-c:1:c(:c(:c(:s:1)-[#6]-[#1])-[#6]-[#1])-[#6](=[#8])-[#7](-[#1])-[#6]:[#6],PAINS,6,0
627,4,imine_one_fives_C(2),[#6]:[#6]-[#7;!R]=[#6]-2-[#6](=[!#6&!#1])-c:1:c:c:c:c:c:1-[#7]-2,PAINS,6,0
628,4,keto_phenone_zone_A(2),c:1:c:c:c:c:c:1-[#6](=[#8])-[#7](-[#1])-[#7]=[#6]-3-c:2:c:c:c:c:c:2-c:4:c:c:c:c:c-3:4,PAINS,6,0
629,4,dyes7A(2),c:1:c(:c:c:c:c:1)-[#7](-[#6](-[#1])-[#1])-[#6](-[#1])=[#6](-[#1])-[#6]=!@[#6](-[#1])-[#6](-[#1])=[#6]-[#6]=@[#7]-c:2:c:c:c:c:c:2,PAINS,6,0
630,4,het_pyridiniums_B(2),[#6]:1:2:[!#1]:[#7+](:[!#1]:[#6](:[!#1]:1:[#6]:[#6]:[#6]:[#6]:2)-[*])~[#6]:[#6],PAINS,6,0
631,4,het_5_D(2),[#7]-2(-c:1:c:c:c:c:c:1)-[#7]=[#6](-[#6](-[#1])-[#1])-[#6](-[#1])(-[#16]-[#6])-[#6]-2=[#8],PAINS,6,0
632,4,thiazole_amine_H(1),c:1:c:c:c(:c:c:1-[#7](-[#1])-c2nc(c(-[#1])s2)-c:3:c:c:c(:c:c:3)-[#6](-[#1])(-[#6]-[#1])-[#6]-[#1])-[#6](=[#8])-[#8]-[#1],PAINS,6,0
633,4,thiazole_amine_I(1),[#6](-[#1])(-[#1])-[#7](-[#1])-[#6]=[#7]-[#7](-[#1])-c1nc(c(-[#1])s1)-[#6]:[#6],PAINS,6,0
634,4,het_thio_N_5C(1),[#6]:[#6]-[#7](-[#1])-[#6](=[#8])-c1c(snn1)-[#7](-[#1])-[#6]:[#6],PAINS,6,0
635,4,sulfonamide_F(1),[#8]=[#16](=[#8])(-[#6]:[#6])-[#7](-[#1])-c1nc(cs1)-[#6]:[#6],PAINS,6,0
636,4,thiazole_amine_J(1),[#8]=[#16](=[#8])(-[#6]:[#6])-[#7](-[#1])-[#7](-[#1])-c1nc(cs1)-[#6]:[#6],PAINS,6,0
637,4,het_65_F(1),s2c:1:n:c:n:c(:c:1c(c2-[#6](-[#1])-[#1])-[#6](-[#1])-[#1])-[#7]-[#7]=[#6]-c3ccco3,PAINS,6,0
638,4,keto_keto_beta_E(1),[#6](=[#8])-[#6](-[#1])=[#6](-[#8]-[#1])-[#6](-[#8]-[#1])=[#6](-[#1])-[#6](=[#8])-[#6],PAINS,6,0
639,4,ene_five_one_B(1),c:2(:c:1-[#6](-[#6](-[#6](-c:1:c(:c(:c:2-[#1])-[#1])-[#1])(-[#1])-[#1])=[#8])=[#6](-[#6](-[#1])-[#1])-[#6](-[#1])-[#1])-[#1],PAINS,6,0
640,4,keto_keto_beta_zone(1),[#6]:[#6]-[#7](-[#1])-[#7]=[#6](-[#6](-[#1])-[#1])-[#6](-[#1])(-[#1])-[#6](-[#6](-[#1])-[#1])=[#7]-[#7](-[#1])-[#6]:[#6],PAINS,6,0
641,4,thio_urea_L(1),[#6;X4]-[#16;X2]-[#6](=[#7]-[!#1]:[!#1]:[!#1]:[!#1])-[#7](-[#1])-[#7]=[#6],PAINS,6,0
642,4,het_thio_urea_ene(1),[#6]-1(=[#7]-[#7](-[#6](-[#16]-1)=[#6](-[#1])-[#6]:[#6])-[#6]:[#6])-[#6]=[#8],PAINS,6,0
643,4,cyano_amino_het_A(1),c:1(:c(:c:2:c(:n:c:1-[#7](-[#1])-[#1]):c:c:c(:c:2-[#7](-[#1])-[#1])-[#6]#[#7])-[#6]#[#7])-[#6]#[#7],PAINS,6,0
644,4,tetrazole_hzide(1),[!#1]:1:[!#1]:[!#1]:[!#1](:[!#1]:[!#1]:1)-[#6](-[#1])=[#6](-[#1])-[#6](-[#7](-[#1])-[#7](-[#1])-c2nnnn2-[#6])=[#8],PAINS,6,0
645,4,imine_naphthol_A(1),c:1:2:c(:c(:c(:c(:c:1:c(:c(:c(:c:2-[#1])-[#1])-[#6](=[#7]-[#6]:[#6])-[#6](-[#1])-[#1])-[#8]-[#1])-[#1])-[#1])-[#1])-[#1],PAINS,6,0
646,4,misc_anisole_A(1),c:1(:c(:c:2:c(:c(:c:1-[#8]-[#6](-[#1])-[#1])-[#1]):c(:c(:c(:c:2-[#7](-[#1])-[#6](-[#1])(-[#1])-[#1])-[#1])-c:3:c(:c(:c(:c(:c:3-[#1])-[#1])-[#8]-[#6](-[#1])-[#1])-[#8]-[#6](-[#1])-[#1])-[#1])-[#1])-[#1])-[#8]-[#6](-[#1])-[#1],PAINS,6,0
647,4,het_thio_665(1),c:1:c:c-2:c(:c:c:1)-[#16]-c3c(-[#7]-2)cc(s3)-[#6](-[#1])-[#1],PAINS,6,0
648,4,anil_di_alk_L(1),c:1:c:c:c-2:c(:c:1)-[#6](-[#6](-[#7]-2-[#6](-[#1])(-[#1])-[#6](-[#1])(-[#1])-[#7]-4-[#6](-c:3:c:c:c:c:c:3-[#6]-4=[#8])=[#8])(-[#1])-[#1])(-[#1])-[#1],PAINS,6,0
649,4,colchicine_B(1),c:1(:c:c:c(:c:c:1)-[#6]-3=[#6]-[#6](-c2cocc2-[#6](=[#6]-3)-[#8]-[#1])=[#8])-[#16]-[#6](-[#1])-[#1],PAINS,6,0
650,4,misc_aminoacid_A(1),[#6;X4]-c:1:c(:c(:c(:c(:c:1-[#1])-[#1])-[#6](=[#8])-[#7](-[#1])-[#6](-[#1])(-[#6](-[#1])(-[#1])-[#6](-[#1])(-[#1])-[#16]-[#6](-[#1])(-[#1])-[#1])-[#6](=[#8])-[#8]-[#1])-[#1])-[#1],PAINS,6,0
651,4,imidazole_amino_A(1),n:1:c(:n(:c(:c:1-c:2:c:c:c:c:c:2)-c:3:c:c:c:c:c:3)-[#7]=!@[#6])-[#7](-[#1])-[#1],PAINS,6,0
652,4,phenol_sulfite_A(1),[#6](-c:1:c:c:c(:c:c:1)-[#8]-[#1])(-c:2:c:c:c(:c:c:2)-[#8]-[#1])-[#8]-[#16](=[#8])=[#8],PAINS,6,0
653,4,het_66_D(1),c:2:c:c:1:n:c(:c(:n:c:1:c:c:2)-[#6](-[#1])(-[#1])-[#6](=[#8])-[#6]:[#6])-[#6](-[#1])(-[#1])-[#6](=[#8])-[#6]:[#6],PAINS,6,0
654,4,misc_anisole_B(1),c:1(:c(:c(:c(:c(:c:1-[#1])-[#8]-[#6](-[#1])-[#1])-[#8]-[#6](-[#1])-[#1])-[#1])-[#1])-[#6](=[#8])-[#6](-[#1])(-[#1])-[#7](-[#6](-[#1])-[#1])-c:2:c:c:c(-[#6](-[#1])-[#1])c:c:2,PAINS,6,0
655,4,tetrazole_A(1),[#6](-[#1])(-[#1])-c1nnnn1-c:2:c(:c(:c(:c(:c:2-[#1])-[#1])-[#8]-[#6](-[#1])(-[#1])-[#1])-[#1])-[#1],PAINS,6,0
656,4,het_65_G(1),[#6]-2(=[#7]-c1c(c(nn1-[#6](-[#6]-2(-[#1])-[#1])=[#8])-[#7](-[#1])-[#1])-[#7](-[#1])-[#1])-[#6],PAINS,6,0
657,4,misc_trityl_A(1),[#6](-[#6]:[#6])(-[#6]:[#6])(-[#6]:[#6])-[#16]-[#6]:[#6]-[#6](=[#8])-[#8]-[#1],PAINS,6,0
658,4,misc_pyridine_OC(1),[#8]=[#6](-c:1:c(:c(:n:c(:c:1-[#1])-[#8]-[#6](-[#1])(-[#1])-[#1])-[#8]-[#6](-[#1])(-[#1])-[#1])-[#1])-[#7](-[#1])-[#6](-[#1])(-[#6](-[#1])-[#1])-[#6](-[#1])-[#1],PAINS,6,0
659,4,het_6_hydropyridone(1),[#7]-1=[#6](-[#7](-[#6](-[#6](-[#6]-1(-[#1])-[#6]:[#6])(-[#1])-[#1])=[#8])-[#1])-[#7]-[#1],PAINS,6,0
660,4,misc_stilbene(1),[#6]-1(=[#6](-[#6](-[#6](-[#6](-[#6]-1(-[#1])-[#1])(-[#1])-[#6](=[#8])-[#6])(-[#1])-[#6](=[#8])-[#8]-[#1])(-[#1])-[#1])-[#6]:[#6])-[#6]:[#6],PAINS,6,0
661,4,misc_imidazole(1),[#6](-[#1])(-c:1:c(:c(:c(:c(:c:1-[#1])-[#1])-[Cl])-[#1])-[#1])(-c:2:c(:c(:c(:c(:c:2-[#1])-[#1])-[Cl])-[#1])-[#1])-[#8]-[#6](-[#1])(-[#1])-[#6](-[#1])(-[#1])-[#6](-[#1])(-[#1])-c3nc(c(n3-[#6](-[#1])(-[#1])-[#1])-[#1])-[#1],PAINS,6,0
662,4,anil_NH_no_alk_A(1),n:1:c(:c(:c(:c(:c:1-[#1])-[#7](-[#1])-[#1])-[#1])-[#1])-[#7](-[#1])-[#6]:[#6],PAINS,6,0
663,4,het_6_imidate_B(1),[#7](-[#1])(-c:1:c(:c(:c(:c(:c:1-[#1])-[#1])-[#1])-[#1])-[#8]-[#1])-[#6]-2=[#6](-[#8]-[#6](-[#7]=[#7]-2)=[#7])-[#7](-[#1])-[#1],PAINS,6,0
664,4,anil_alk_B(1),[#7](-[#1])(-c:1:c(:c(:c(:c(:c:1-[#1])-[#1])-[#6](-[#1])-[#1])-[#1])-[#1])-[#6](-[#1])(-[#1])-[#6](-[#1])(-[#1])-c:2:c(:c(:c(:c(:c:2-[#1])-[#1])-[#8]-[#6](-[#1])-[#1])-[#1])-[#1],PAINS,6,0
665,4,styrene_anil_A(1),c:1:c:c-3:c(:c:c:1)-c:2:c:c:c(:c:c:2-[#6]-3=[#6](-[#1])-[#6])-[#7](-[#1])-[#1],PAINS,6,0
666,4,misc_aminal_acid(1),c:1:c:c-2:c(:c:c:1)-[#7](-[#6](-[#8]-[#6]-2)(-[#6](=[#8])-[#8]-[#1])-[#6](-[#1])-[#1])-[#6](=[#8])-[#6](-[#1])-[#1],PAINS,6,0
667,4,anil_no_alk_D(1),n:1:c(:c(:c(:c(:c:1-[#7](-[#1])-[#1])-[#6](-[#1])-[#1])-[#1])-[#6](-[#1])-[#1])-[#7](-[#1])-[#1],PAINS,6,0
668,4,anil_alk_C(1),[#7](-[#1])(-c:1:c:c:c:c:c:1)-[#6](-[#6])(-[#6])-c:2:c(:c(:c(:c(:c:2-[#1])-[#1])-[#8]-[#6](-[#1])-[#1])-[#1])-[#1],PAINS,6,0
669,4,misc_anisole_C(1),[#7](-[#1])(-c:1:c(:c(:c(:c(:c:1-[#1])-[#1])-[#8]-[#6](-[#1])(-[#1])-[#1])-[#8]-[#6]-[#1])-[#1])-[#6](=[#8])-[#7](-[#1])-[#6](-[#1])(-[#1])-[#6](-[#1])(-[#1])-[#6](-[#1])(-[#1])-[#7](-[#6](-[#1])(-[#1])-[#1])-[#6]:[#6],PAINS,6,0
670,4,het_465_misc(1),c:1-2:c:c-3:c(:c:c:1-[#8]-[#6]-[#8]-2)-[#6]-[#6]-3,PAINS,6,0
671,4,anthranil_acid_G(1),c:1(:c(:c(:c(:c(:c:1-[#1])-[#1])-[#8]-[#6](-[#1])-[#1])-[#1])-[#6](=[#8])-[#8]-[#1])-[#7](-[#1])-[#6]:[#6],PAINS,6,0
672,4,anil_di_alk_M(1),c:1(:c:4:c(:n:c(:c:1-[#6](-[#1])(-[#1])-[#7]-3-c:2:c(:c(:c(:c(:c:2-[#6](-[#1])(-[#1])-[#6]-3(-[#1])-[#1])-[#1])-[#1])-[#1])-[#1])-[#1]):c(:c(:c(:c:4-[#1])-[#1])-[#1])-[#1])-[#1],PAINS,6,0
673,4,anthranil_acid_H(1),c:1:c(:c2:c(:c:c:1)c(c(n2-[#1])-[#6]:[#6])-[#6]:[#6])-[#6](=[#8])-[#8]-[#1],PAINS,6,0
674,4,thio_urea_M(1),"[#6]:[#6]-[#7](-[#6](-[#1])-[#1])-[#6](-[#1])(-[#1])-[#6](-[#1])(-[#1])-[#6](-[#1])(-[#1])-[#7](-[#1])-[#6](=[#16])-[#7](-[#1])-c:1:c(:c(:c(:c(:c:1-[F,Cl,Br,I])-[#1])-[#6](-[#1])-[#1])-[#1])-[#1]",PAINS,6,0
675,4,thiazole_amine_K(1),n:1:c3:c(:c:c2:c:1nc(s2)-[#7])sc(n3)-[#7],PAINS,6,0
676,4,het_thio_5_imine_A(1),[#7]=[#6]-1-[#16]-[#6](=[#7])-[#7]=[#6]-1,PAINS,6,0
677,4,thio_amide_E(1),c:1:c(:n:c:c:c:1)-[#6](=[#16])-[#7](-[#1])-c:2:c(:c:c:c:c:2)-[#8]-[#6](-[#1])-[#1],PAINS,6,0
678,4,het_thio_676_B(1),c:1-2:c(:c(:c(:c(:c:1-[#6](-c:3:c(-[#16]-[#6]-2(-[#1])-[#1]):c(:c(-[#1]):c(:c:3-[#1])-[#1])-[#1])-[#8]-[#6]:[#6])-[#1])-[#1])-[#1])-[#1],PAINS,6,0
679,4,sulfonamide_G(1),[#6](-[#1])(-[#1])(-[#1])-c:1:c(:c(:c(:c(:n:1)-[#7](-[#1])-[#16](-c:2:c(:c(:c(:c(:c:2-[#1])-[#1])-[#8]-[#6](-[#1])(-[#1])-[#6](-[#1])(-[#1])-[#6](-[#1])-[#1])-[#1])-[#1])(=[#8])=[#8])-[#1])-[#1])-[#1],PAINS,6,0
680,4,thio_thiomorph_Z(1),[#6](=[#8])(-[#7]-1-[#6]-[#6]-[#16]-[#6]-[#6]-1)-c:2:c(:c(:c(:c(:c:2-[#16]-[#6](-[#1])-[#1])-[#1])-[#1])-[#1])-[#1],PAINS,6,0
681,4,naphth_ene_one_A(1),c:1:c:c:3:c:2:c(:c:1)-[#6](-[#6]=[#6](-c:2:c:c:c:3)-[#8]-[#6](-[#1])-[#1])=[#8],PAINS,6,0
682,4,naphth_ene_one_B(1),c:1-3:c:2:c(:c(:c:c:1)-[#7]):c:c:c:c:2-[#6](-[#6]=[#6]-3-[#6](-[F])(-[F])-[F])=[#8],PAINS,6,0
683,4,amino_acridine_A(1),c:1:c:c:c:c:2:c:1:c:c:3:c(:n:2):n:c:4:c(:c:3-[#7]):c:c:c:c:4,PAINS,6,0
684,4,keto_phenone_B(1),c:1:c-3:c(:c:c:c:1)-[#6]-2=[#7]-[!#1]=[#6]-[#6]-[#6]-2-[#6]-3=[#8],PAINS,6,0
685,4,hzone_acid_A(1),c:1-3:c(:c(:c(:c(:c:1-[#1])-[#1])-[#8]-[#6](-[#1])-[#1])-[#1])-[#6](=[#7]-[#7](-[#1])-c:2:c(:c(:c(:c(:c:2-[#1])-[#1])-[#6](=[#8])-[#8]-[#1])-[#1])-[#1])-c:4:c-3:c(:c(:c(:c:4-[#1])-[#8]-[#6](-[#1])-[#1])-[#1])-[#1],PAINS,6,0
686,4,sulfonamide_H(1),c:1(:c(:c(:c(:c(:c:1-[#1])-[#1])-[#7](-[#1])-[#1])-[#1])-[#1])-[#16](=[#8])(=[#8])-[#7](-[#1])-c:2:n:n:c(:c(:c:2-[#1])-[#1])-[#1],PAINS,6,0
687,4,het_565_indole(1),c2(c(-[#1])n(-[#6](-[#1])-[#1])c:3:c(:c(:c:1n(c(c(c:1:c2:3)-[#1])-[#1])-[#6](-[#1])-[#1])-[#8]-[#6](-[#1])-[#1])-[#8]-[#6](-[#1])-[#1])-[#1],PAINS,6,0
688,4,pyrrole_J(1),c1(c-2c(c(n1-[#6](-[#8])=[#8])-[#6](-[#1])-[#1])-[#16]-[#6](-[#1])(-[#1])-[#16]-2)-[#6](-[#1])-[#1],PAINS,6,0
689,4,pyrazole_amino_B(1),s1ccnc1-c2c(n(nc2-[#1])-[#1])-[#7](-[#1])-[#1],PAINS,6,0
690,4,pyrrole_K(1),c1(c(c(c(n1-[#1])-c:2:c(:c(:c(:c(:c:2-[#1])-[#1])-[#1])-[#1])-[#1])-[#6](-[#1])-[#1])-[#1])-[#6](=[#8])-[#8]-[#1],PAINS,6,0
691,4,anthranil_acid_I(1),c:1:2(:c(:c(:c(:o:1)-[#6])-[#1])-[#1])-[#6](=[#8])-[#7](-[#1])-[#6]:[#6](-[#1]):[#6](-[#1]):[#6](-[#1]):[#6](-[#1]):[#6]:2-[#6](=[#8])-[#8]-[#1],PAINS,6,0
692,4,thio_amide_F(1),[!#1]:[#6]-[#6](=[#16])-[#7](-[#1])-[#7](-[#1])-[#6]:[!#1],PAINS,6,0
693,4,ene_one_C(1),[#6]-1(=[#8])-[#6](-[#6](-[#6]#[#7])=[#6](-[#1])-[#7])-[#6](-[#7])-[#6]=[#6]-1,PAINS,6,0
694,4,het_65_H(1),c2(c-1n(-[#6](-[#6]=[#6]-[#7]-1)=[#8])nc2-c3cccn3)-[#6]#[#7],PAINS,6,0
695,4,cyano_imine_D(1),[#8]=[#6]-1-[#6](=[#7]-[#7]-[#6]-[#6]-1)-[#6]#[#7],PAINS,6,0
696,4,cyano_misc_A(1),c:2(:c:1:c:c:c:c:c:1:n:n:c:2)-[#6](-[#6]:[#6])-[#6]#[#7],PAINS,6,0
697,4,ene_misc_C(1),c:1:c:c-2:c(:c:c:1)-[#6]=[#6]-[#6](-[#7]-2-[#6](=[#8])-[#7](-[#1])-c:3:c:c(:c(:c:c:3)-[#8]-[#6](-[#1])-[#1])-[#8]-[#6](-[#1])-[#1])(-[#6](-[#1])-[#1])-[#6](-[#1])-[#1],PAINS,6,0
698,4,het_66_E(1),c:2:c:c:1:n:c(:c(:n:c:1:c:c:2)-c:3:c:c:c:c:c:3)-c:4:c:c:c:c:c:4-[#8]-[#1],PAINS,6,0
699,4,keto_keto_beta_F(1),[#6](-[#1])(-[#1])-[#6](-[#8]-[#1])=[#6](-[#6](=[#8])-[#6](-[#1])-[#1])-[#6](-[#1])-[#6]#[#6],PAINS,6,0
700,4,misc_naphthimidazole(1),c:1:c:4:c(:c:c2:c:1nc(n2-[#1])-[#6]-[#8]-[#6](=[#8])-c:3:c:c(:c:c(:c:3)-[#7](-[#1])-[#1])-[#7](-[#1])-[#1]):c:c:c:c:4,PAINS,6,0
701,4,naphth_ene_one_C(1),c:2(:c:1:c:c:c:c-3:c:1:c(:c:c:2)-[#6]=[#6]-[#6]-3=[#7])-[#7],PAINS,6,0
702,4,keto_phenone_C(1),c:2(:c:1:c:c:c:c:c:1:c-3:c(:c:2)-[#6](-c:4:c:c:c:c:c-3:4)=[#8])-[#8]-[#1],PAINS,6,0
703,4,coumarin_C(1),[#6]-2(-[#6]=[#7]-c:1:c:c(:c:c:c:1-[#8]-2)-[Cl])=[#8],PAINS,6,0
704,4,thio_est_cyano_A(1),[#6]-1=[#6]-[#7](-[#6](-c:2:c-1:c:c:c:c:2)(-[#6]#[#7])-[#6](=[#16])-[#16])-[#6]=[#8],PAINS,6,0
705,4,het_65_imidazole(1),c2(nc:1:c(:c(:c(:c(:c:1-[#1])-[#1])-[#1])-[#1])n2-[#6])-[#7](-[#1])-[#6](-[#7](-[#1])-c:3:c(:c:c:c:c:3-[#1])-[#1])=[#8],PAINS,6,0
706,4,anthranil_acid_J(1),[#7](-[#1])(-[#6]:[#6])-c:1:c(-[#6](=[#8])-[#8]-[#1]):c:c:c(:n:1)-[#6]:[#6],PAINS,6,0
707,4,colchicine_het(1),c:1-3:c(:c:c:c:c:1)-[#16]-[#6](=[#7]-[#7]=[#6]-2-[#6]=[#6]-[#6]=[#6]-[#6]=[#6]-2)-[#7]-3-[#6](-[#1])-[#1],PAINS,6,0
708,4,ene_misc_D(1),c:1-2:c(:c(:c(:c(:c:1-[#1])-[#8]-[#6](-[#1])-[#1])-[#8]-[#6](-[#1])-[#1])-[#1])-[#6](=[#6](-[#6])-[#16]-[#6]-2(-[#1])-[#1])-[#6],PAINS,6,0
709,4,indole_3yl_alk_B(1),c:12:c(:c(:c(:c(:c:1-[#1])-[#1])-[#1])-[#1])c(c(-[#6]:[#6])n2-!@[#6]:[#6])-[#6](-[#1])-[#1],PAINS,6,0
710,4,anil_OH_no_alk_A(1),[#7](-[#1])(-[#1])-c:1:c:c:c(:c:c:1-[#8]-[#1])-[#16](=[#8])(=[#8])-[#8]-[#1],PAINS,6,0
711,4,thiazole_amine_L(1),s:1:c:c:c(:c:1-[#1])-c:2:c:s:c(:n:2)-[#7](-[#1])-[#1],PAINS,6,0
712,4,pyrazole_amino_A(1),c1c(-[#7](-[#1])-[#1])nnc1-c2c(-[#6](-[#1])-[#1])oc(c2-[#1])-[#1],PAINS,6,0
713,4,het_thio_N_5D(1),n1nscc1-c2nc(no2)-[#6]:[#6],PAINS,6,0
714,4,anil_alk_indane(1),c:1(:c:c-3:c(:c:c:1)-[#7]-[#6]-4-c:2:c:c:c:c:c:2-[#6]-[#6]-3-4)-[#6;X4],PAINS,6,0
715,4,anil_di_alk_N(1),c:1-2:c(:c(:c(:c(:c:1-[#1])-[#1])-[#1])-[#1])-[#6](=[#6](-[#1])-[#6]-3-[#6](-[#6]#[#7])-[#6](-[#1])(-[#1])-[#6](-[#1])-[#7]-2-3)-[#1],PAINS,6,0
716,4,het_666_C(1),c:2-3:c(:c:c:1:c:c:c:c:c:1:c:2)-[#7](-[#6](-[#1])-[#1])-[#6](=[#8])-[#6](=[#7]-3)-[#6]:[#6]-[#7](-[#1])-[#6](-[#1])-[#1],PAINS,6,0
717,4,ene_one_D(1),[#6](-[#8]-[#1]):[#6]-[#6](=[#8])-[#6](-[#1])=[#6](-[#6])-[#6],PAINS,6,0
718,4,anil_di_alk_indol(1),c:1:2:c(:c(:c(:c(:c:1-[#1])-[#1])-[#7](-[#6](-[#1])-[#1])-[#6](-[#1])-[#1])-[#1]):c(:c(-[#1]):n:2-[#1])-[#16](=[#8])=[#8],PAINS,6,0
719,4,anil_no_alk_indol_A(1),c:1:2:c(:c(:c(:c(:c:1-[#1])-[#1])-[#7](-[#1])-[#1])-[#1]):c(:c(-[#1]):n:2-[#6](-[#1])-[#1])-[#1],PAINS,6,0
720,4,dhp_amino_CN_G(1),"[#16;X2]-1-[#6]=[#6](-[#6]#[#7])-[#6](-[#6])(-[#6]=[#8])-[#6](=[#6]-1-[#7](-[#1])-[#1])-[$([#6]=[#8]),$([#6]#[#7])]",PAINS,6,0
721,4,anil_di_alk_dhp(1),[#7]-2-[#6]=[#6](-[#6]=[#8])-[#6](-c:1:c:c:c(:c:c:1)-[#7](-[#6](-[#1])-[#1])-[#6](-[#1])-[#1])-[#6]~3=[#6]-2~[#7]~[#6](~[#16])~[#7]~[#6]~3~[#7],PAINS,6,0
722,4,anthranil_amide_A(1),c:1:c(:c:c:c:c:1)-[#6](=[#8])-[#7](-[#1])-c:2:c(:c:c:c:c:2)-[#6](=[#8])-[#7](-[#1])-[#7](-[#1])-c:3:n:c:c:s:3,PAINS,6,0
723,4,hzone_anthran_Z(1),c:1:c:2:c(:c:c:c:1):c(:c:3:c(:c:2):c:c:c:c:3)-[#6]=[#7]-[#7](-[#1])-c:4:c:c:c:c:c:4,PAINS,6,0
724,4,ene_one_amide_A(1),c:1:c(:c:c:c:c:1)-[#6](-[#1])-[#7]-[#6](=[#8])-[#6](-[#7](-[#1])-[#6](-[#1])-[#1])=[#6](-[#1])-[#6](=[#8])-c:2:c:c:c(:c:c:2)-[#8]-[#6](-[#1])-[#1],PAINS,6,0
725,4,het_76_A(1),s:1:c(:c(-[#1]):c(:c:1-[#6]-3=[#7]-c:2:c:c:c:c:c:2-[#6](=[#7]-[#7]-3-[#1])-c:4:c:c:n:c:c:4)-[#1])-[#1],PAINS,6,0
726,4,thio_urea_N(1),o:1:c(:c(-[#1]):c(:c:1-[#6](-[#1])(-[#1])-[#7](-[#1])-[#6](=[#16])-[#7](-[#6]-[#1])-[#6](-[#1])(-[#1])-c:2:c:c:c:c:c:2)-[#1])-[#1],PAINS,6,0
727,4,anil_di_alk_coum(1),c:1:c(:c:c:c:c:1)-[#7](-[#6]-[#1])-[#6](-[#1])-[#6](-[#1])-[#6](-[#1])-[#7](-[#1])-[#6](=[#8])-[#6]-2=[#6](-[#8]-[#6](-[#6](=[#6]-2-[#6](-[#1])-[#1])-[#1])=[#8])-[#6](-[#1])-[#1],PAINS,6,0
728,4,ene_one_amide_B(1),c2-3:c:c:c:1:c:c:c:c:c:1:c2-[#6](-[#1])-[#6;X4]-[#7]-[#6]-3=[#6](-[#1])-[#6](=[#8])-[#7](-[#6](-[#1])-[#1])-[#6](-[#1])-[#1],PAINS,6,0
729,4,het_thio_656c(1),c:1:c(:c:c:c:c:1)-[#6]-4=[#7]-[#7]:2:[#6](:[#7+]:c:3:c:2:c:c:c:c:3)-[#16]-[#6;X4]-4,PAINS,6,0
730,4,het_5_ene(1),[#6]-2(=[#8])-[#6](=[#6](-[#6](-[#1])-[#1])-[#7](-[#1])-[#6](-[#1])(-[#1])-[#6](-[#1])(-[#1])-[#6](-[#1])-[#1])-[#7]=[#6](-c:1:c:c:c:c:c:1)-[#8]-2,PAINS,6,0
731,4,thio_imide_A(1),c:1:c(:c:c:c:c:1)-[#7]-2-[#6](=[#8])-[#6](=[#6](-[#1])-[#6]-2=[#8])-[#16]-c:3:c:c:c:c:c:3,PAINS,6,0
732,4,dhp_amidine_A(1),[#7]-1(-[#1])-[#7]=[#6](-[#7]-[#1])-[#16]-[#6](=[#6]-1-[#6]:[#6])-[#6]:[#6],PAINS,6,0
733,4,thio_urea_O(1),c:1(:c(:c-3:c(:c(:c:1-[#7](-[#1])-[#6](=[#16])-[#7](-[#1])-[#6](-[#1])-c:2:c(:c(:c(:o:2)-[#6]-[#1])-[#1])-[#1])-[#1])-[#8]-[#6](-[#8]-3)(-[#1])-[#1])-[#1])-[#1],PAINS,6,0
734,4,anil_di_alk_O(1),c:1(:c(:c(:c(:c(:c:1-[#7](-[#1])-[#6](=[#16])-[#7](-[#1])-c:2:c:c:c:c:c:2)-[#1])-[#7](-[#6](-[#1])-[#1])-[#6](-[#1])-[#1])-[#1])-[#1])-[#1],PAINS,6,0
735,4,thio_urea_P(1),[#8]=[#6]-!@n:1:c:c:c-2:c:1-[#7](-[#1])-[#6](=[#16])-[#7]-2-[#1],PAINS,6,0
736,4,het_pyraz_misc(1),[#6](-[F])(-[F])-[#6](=[#8])-[#7](-[#1])-c:1:c(-[#1]):n(-[#6](-[#1])(-[#1])-[#6](-[#1])(-[#1])-[#8]-[#6](-[#1])(-[#1])-[#6]:[#6]):n:c:1-[#1],PAINS,6,0
737,4,diazox_C(1),[#7]-2=[#7]-[#6]:1:[#7]:[!#6&!#1]:[#7]:[#6]:1-[#7]=[#7]-[#6]:[#6]-2,PAINS,6,0
738,4,diazox_D(1),[#6]-2(-[#1])(-[#8]-[#1])-[#6]:1:[#7]:[!#6&!#1]:[#7]:[#6]:1-[#6](-[#1])(-[#8]-[#1])-[#6]=[#6]-2,PAINS,6,0
739,4,misc_cyclopropane(1),[#6]-1(-[#6](-[#1])(-[#1])-[#6]-1(-[#1])-[#1])(-[#6](=[#8])-[#7](-[#1])-c:2:c:c:c(:c:c:2)-[#8]-[#6](-[#1])(-[#1])-[#8])-[#16](=[#8])(=[#8])-[#6]:[#6],PAINS,6,0
740,4,imine_ene_one_B(1),[#6]-1:[#6]-[#6](=[#8])-[#6]=[#6]-1-[#7]=[#6](-[#1])-[#7](-[#6;X4])-[#6;X4],PAINS,6,0
741,4,coumarin_D(1),c:1:c:c(:c:c-2:c:1-[#6](=[#6](-[#1])-[#6](=[#8])-[#8]-2)-c:3:c:c:c:c:c:3)-[#8]-[#6](-[#1])(-[#1])-[#6]:[#8]:[#6],PAINS,6,0
742,4,misc_furan_A(1),c:1:c(:o:c(:c:1-[#6](-[#1])-[#1])-[#6](-[#1])-[#1])-[#6](-[#1])(-[#1])-[#7]-[#6](-[#1])(-[#1])-[#6](-[#1])(-[#8]-[#6](-[#1])-[#1])-[#6](-[#1])(-[#1])-[#8]-c:2:c:c-3:c(:c:c:2)-[#8]-[#6](-[#8]-3)(-[#1])-[#1],PAINS,6,0
743,4,rhod_sat_E(1),[#7]-4(-c:1:c:c:c:c:c:1)-[#6](=[#8])-[#16]-[#6](-[#1])(-[#7](-[#1])-c:2:c:c:c:c:3:c:c:c:c:c:2:3)-[#6]-4=[#8],PAINS,6,0
744,4,rhod_sat_imine_A(1),[#7]-3(-[#6](=[#8])-c:1:c:c:c:c:c:1)-[#6](=[#7]-c:2:c:c:c:c:c:2)-[#16]-[#6](-[#1])(-[#1])-[#6]-3=[#8],PAINS,6,0
745,4,rhod_sat_F(1),[#7]-2(-c:1:c:c:c:c:c:1)-[#6](=[#8])-[#16]-[#6](-[#1])(-[#1])-[#6]-2=[#16],PAINS,6,0
746,4,het_thio_5_imine_B(1),[#7]-1(-[#6](-[#1])-[#1])-[#6](=[#16])-[#7](-[#6]:[#6])-[#6](=[#7]-[#6]:[#6])-[#6]-1=[#7]-[#6]:[#6],PAINS,6,0
747,4,het_thio_5_imine_C(1),[#16]-1-[#6](=[#7]-[#7]-[#1])-[#16]-[#6](=[#7]-[#6]:[#6])-[#6]-1=[#7]-[#6]:[#6],PAINS,6,0
748,4,ene_five_het_N(1),"[#6]-2(=[#8])-[#6](=[#6](-[#1])-c:1:c(:c:c:c(:c:1)-[F,Cl,Br,I])-[#8]-[#6](-[#1])-[#1])-[#7]=[#6](-[#16]-[#6](-[#1])-[#1])-[#16]-2",PAINS,6,0
749,4,thio_carbam_A(1),[#6](-[#1])(-[#1])-[#16]-[#6](=[#16])-[#7](-[#1])-[#6](-[#1])(-[#1])-[#6]:[#6],PAINS,6,0
750,4,misc_anilide_A(1),c:1(:c(:c(:c(:c(:c:1-[#1])-[#1])-[#6](-[#1])-[#1])-[#7](-[#1])-[#6](=[#8])-[#6](-[#1])(-[#1])-[#6](-[#1])(-[#1])-[#6]:[#6])-[#1])-[#7](-[#1])-[#6](=[#8])-[#6](-[#1])(-[#1])-[#6](-[#1])(-[#1])-[#6]:[#6],PAINS,6,0
751,4,misc_anilide_B(1),c:1(:c(:c:c(:c:c:1-[#6])-[Br])-[#6])-[#7](-[#1])-[#6](=[#8])-[#7](-[#1])-[#6]-[#6]-[#6],PAINS,6,0
752,4,mannich_B(1),c:1-2:c(:c:c:c(:c:1-[#8]-[#6](-[#1])(-[#1])-[#7](-[#6]:[#6]-[#8]-[#6](-[#1])-[#1])-[#6]-2(-[#1])-[#1])-[#1])-[#1],PAINS,6,0
753,4,mannich_catechol_A(1),c:1-2:c(:c(:c(:c(:c:1-[#8]-[#6](-[#1])(-[#1])-[#7](-[#6](-[#1])-[#1])-[#6]-2(-[#1])-[#1])-[#1])-[#8])-[#8])-[#1],PAINS,6,0
754,4,anil_alk_D(1),[#7](-[#1])(-c:1:c(:c(:c(:c(:c:1-[#1])-[#1])-[#6](-[#1])(-[#6](-[#1])-[#1])-[#6](-[#1])-[#1])-[#1])-[#1])-[#6](-[#1])(-[#1])-[#6](-[#1])(-[#1])-[#7](-[#6](-[#1])-[#1])-[#6](-[#1])-[#1],PAINS,6,0
755,4,het_65_I(1),n:1:2:c:c:c(:c:c:1:c:c(:c:2-[#6](=[#8])-[#6]:[#6])-[#6]:[#6])-[#6](~[#8])~[#8],PAINS,6,0
756,4,misc_urea_A(1),c:1(:c(:c(:c(:c(:c:1-[#1])-[#1])-[#1])-[#6](=[#6](-[#1])-[#1])-[#6](-[#1])-[#1])-[#1])-[#6](-[#6;X4])(-[#6;X4])-[#7](-[#1])-[#6](=[#8])-[#7](-[#6](-[#1])(-[#1])-[#6](-[#1])-[#1])-[#6](-[#1])(-[#1])-[#6](-[#1])(-[#1])-[#6](-[#1])-[#6](-[#1])(-[#1])-[#6]:[#6],PAINS,6,0
757,4,imidazole_C(1),[#6]-3(-[#1])(-n:1:c(:n:c(:c:1-[#1])-[#1])-[#1])-c:2:c(:c(:c(:c(:c:2-[#1])-[Br])-[#1])-[#1])-[#6](-[#1])(-[#1])-[#6](-[#1])(-[#1])-c:4:c-3:c(:c(:c(:c:4-[#1])-[#1])-[#1])-[#1],PAINS,6,0
758,4,styrene_imidazole_A(1),[#6](=[#6](-[#1])-[#6](-[#1])(-[#1])-n:1:c(:n:c(:c:1-[#1])-[#1])-[#1])(-[#6]:[#6])-[#6]:[#6],PAINS,6,0
759,4,thiazole_amine_M(1),c:1(:n:c(:c(-[#1]):s:1)-c:2:c:c:n:c:c:2)-[#7](-[#1])-[#6]:[#6]-[#6](-[#1])-[#1],PAINS,6,0
760,4,misc_pyrrole_thiaz(1),c:1(:n:c(:c(-[#1]):s:1)-c:2:c:c:c:c:c:2)-[#6](-[#1])(-[#6](-[#1])-[#1])-[#6](-[#1])(-[#1])-[#6](-[#1])(-[#1])-[#7]-[#6](-[#1])(-[#1])-c:3:c:c:c:n:3-[#1],PAINS,6,0
761,4,pyrrole_L(1),n:1(-[#1]):c(:c(-[#6](-[#1])-[#1]):c(:c:1-[#6](-[#1])(-[#1])-[#6](-[#1])-[#1])-[#6](-[#1])(-[#1])-[#6](-[#1])-[#1])-[#6](=[#8])-[#8]-[#6](-[#1])-[#1],PAINS,6,0
762,4,het_thio_65_D(1),"c:2(:n:c:1:c(:c(:c:c(:c:1-[#1])-[F,Cl,Br,I])-[#1]):n:2-[#1])-[#16]-[#6](-[#1])(-[#1])-[#6](=[#8])-[#7](-[#1])-[#6]:[#6]",PAINS,6,0
763,4,ene_misc_E(1),c:1(:c(:c-2:c(:c(:c:1-[#8]-[#6](-[#1])-[#1])-[#1])-[#6]=[#6]-[#6](-[#1])-[#16]-2)-[#1])-[#8]-[#6](-[#1])-[#1],PAINS,6,0
764,4,thio_cyano_A(1),[#7]-1(-[#1])-[#6](=[#16])-[#6](-[#1])(-[#6]#[#7])-[#6](-[#1])(-[#6]:[#6])-[#6](=[#6]-1-[#6]:[#6])-[#1],PAINS,6,0
765,4,cyano_amino_het_B(1),n:1:c(:c(:c(:c(:c:1-[#16;X2]-c:2:c:c:c:c:c:2-[#7](-[#1])-[#1])-[#6]#[#7])-c:3:c:c:c:c:c:3)-[#6]#[#7])-[#7](-[#1])-[#1],PAINS,6,0
766,4,cyano_pyridone_G(1),[#7]-2(-c:1:c:c:c(:c:c:1)-[#8]-[#6](-[#1])-[#1])-[#6](=[#8])-[#6](=[#6]-[#6](=[#7]-2)-n:3:c:n:c:c:3)-[#6]#[#7],PAINS,6,0
767,4,het_65_J(1),o:1:c(:c:c:2:c:1:c(:c(:c(:c:2-[#1])-[#8]-[#6](-[#1])-[#1])-[#8]-[#6](-[#1])-[#1])-[#1])-[#6](~[#8])~[#8],PAINS,6,0
768,4,ene_one_yne_A(1),[#6]#[#6]-[#6](=[#8])-[#6]#[#6],PAINS,6,0
769,4,anil_OH_no_alk_B(1),c:2(:c:1:c(:c(:c(:c(:c:1:c(:c(:c:2-[#8]-[#1])-[#6]=[#8])-[#1])-[#1])-[#1])-[#1])-[#1])-[#7](-[#1])-[#1],PAINS,6,0
770,4,hzone_acyl_misc_A(1),"c:1(:c(:c(:c(:o:1)-[$([#1]),$([#6](-[#1])-[#1])])-[#1])-[#1])-[#6](=[#8])-[#7](-[#1])-[#7]=[#6](-[$([#1]),$([#6](-[#1])-[#1])])-c:2:c:c:c:c(:c:2)-[*]-[*]-[*]-c:3:c:c:c:o:3",PAINS,6,0
771,4,thiophene_F(1),[#16](=[#8])(=[#8])-[#7](-[#1])-c:1:c(:c(:c(:s:1)-[#6]-[#1])-[#6]-[#1])-[#6](=[#8])-[#7]-[#1],PAINS,6,0
772,4,anil_OC_alk_E(1),[#6](-[#1])(-[#1])-[#8]-c:1:c(:c(:c(:c(:c:1-[#1])-[#1])-[#1])-[#1])-[#7](-[#1])-[#6](-[#1])(-[#1])-[#6](-[#1])(-[#8]-[#1])-[#6](-[#1])-[#1],PAINS,6,0
773,4,anil_OC_alk_F(1),[#6](-[#1])(-[#1])-[#8]-c:1:c(:c(:c(:c(:c:1-[#1])-[#1])-[#1])-[#1])-[#7](-[#1])-[#6](-[#1])(-[#6]=[#8])-[#16],PAINS,6,0
774,4,het_65_K(1),n1nnnc2cccc12,PAINS,6,0
775,4,het_65_L(1),c:1-2:c(-[#1]):s:c(:c:1-[#6](=[#8])-[#7]-[#7]=[#6]-2-[#7](-[#1])-[#1])-[#6]=[#8],PAINS,6,0
776,4,coumarin_E(1),c:1-3:c(:c:2:c(:c:c:1-[Br]):o:c:c:2)-[#6](=[#6]-[#6](=[#8])-[#8]-3)-[#1],PAINS,6,0
777,4,coumarin_F(1),c:1-3:c(:c:c:c:c:1)-[#6](=[#6](-[#6](=[#8])-[#7](-[#1])-c:2:n:o:c:c:2-[Br])-[#6](=[#8])-[#8]-3)-[#1],PAINS,6,0
778,4,coumarin_G(1),"c:1-2:c(:c:c(:c:c:1-[F,Cl,Br,I])-[F,Cl,Br,I])-[#6](=[#6](-[#6](=[#8])-[#7](-[#1])-[#1])-[#6](=[#7]-[#1])-[#8]-2)-[#1]",PAINS,6,0
779,4,coumarin_H(1),c:1-3:c(:c:c:c:c:1)-[#6](=[#6](-[#6](=[#8])-[#7](-[#1])-c:2:n:c(:c:s:2)-[#6]:[#16]:[#6]-[#1])-[#6](=[#8])-[#8]-3)-[#1],PAINS,6,0
780,4,het_thio_67_A(1),[#6](-[#1])(-[#1])-[#16;X2]-c:2:n:n:c:1-[#6]:[#6]-[#7]=[#6]-[#8]-c:1:n:2,PAINS,6,0
781,4,sulfonamide_I(1),[#16](=[#8])(=[#8])(-c:1:c:n(-[#6](-[#1])-[#1]):c:n:1)-[#7](-[#1])-c:2:c:n(:n:c:2)-[#6](-[#1])(-[#1])-[#6]:[#6]-[#8]-[#6](-[#1])-[#1],PAINS,6,0
782,4,het_65_mannich(1),c:1-2:c(:c(:c(:c(:c:1-[#8]-[#6](-[#1])(-[#1])-[#8]-2)-[#6](-[#1])(-[#1])-[#7]-3-[#6](-[#1])(-[#1])-[#6](-[#1])(-[#1])-[#6]:[#6]-3)-[#1])-[#1])-[#1],PAINS,6,0
783,4,anil_alk_A(1),[#6](-[#1])(-[#1])-[#8]-[#6]:[#6]-[#6](-[#1])(-[#1])-[#7](-[#1])-c:2:c(:c(:c:1:n(:c(:n:c:1:c:2-[#1])-[#1])-[#6]-[#1])-[#1])-[#1],PAINS,6,0
784,4,het_5_inium(1),[#7]-4(-c:1:c:c:c:c:c:1)-[#6](=[#7+](-c:2:c:c:c:c:c:2)-[#6](=[#7]-c:3:c:c:c:c:c:3)-[#7]-4)-[#1],PAINS,6,0
785,4,anil_di_alk_P(1),[#6](-[#1])(-[#1])-[#7](-[#6](-[#1])-[#1])-c:2:c:c:c:1:s:c(:n:c:1:c:2)-[#16]-[#6](-[#1])-[#1],PAINS,6,0
786,4,thio_urea_Q(1),c:1:2:c(:c(:c(:c(:c:1:c(:c(-[#1]):c(:c:2-[#1])-[#1])-[#6](-[#6](-[#1])-[#1])=[#7]-[#7](-[#1])-[#6](=[#16])-[#7](-[#1])-[#6]:[#6]:[#6])-[#1])-[#1])-[#1])-[#1],PAINS,6,0
787,4,thio_pyridine_A(1),[#6]:1(:[#7]:[#6](:[#7]:[!#1]:[#7]:1)-c:2:c(:c(:c(:o:2)-[#1])-[#1])-[#1])-[#16]-[#6;X4],PAINS,6,0
788,4,melamine_B(1),n:1:c(:n:c(:n:c:1-[#7](-[#6](-[#1])-[#1])-[#6](-[#1])-[#1])-[#7](-[#6](-[#1])-[#1])-[#6](-[#1])-[#1])-[#7](-[#6]-[#1])-[#6]=[#8],PAINS,6,0
789,4,misc_phthal_thio_N(1),c:1(:n:s:c(:n:1)-[#7](-[#6](-[#1])-[#1])-[#6](-[#1])(-[#1])-[#6](-[#1])(-[#1])-[#7]-[#6](=[#8])-c:2:c:c:c:c:c:2-[#6](=[#8])-[#8]-[#1])-c:3:c:c:c:c:c:3,PAINS,6,0
790,4,hzone_acyl_misc_B(1),n:1:c(:c(:c(:c(:c:1-[#1])-[#1])-[#1])-[#1])-[#6](=[#8])-[#7](-[#1])-[#7]=[#6](-[#1])-c:2:c:c:c:c:c:2-[#8]-[#6](-[#1])(-[#1])-[#6](=[#8])-[#8]-[#1],PAINS,6,0
791,4,tert_butyl_B(1),[#6](-[#1])(-[#1])(-[#1])-[#6](-[#6](-[#1])(-[#1])-[#1])(-[#6](-[#1])(-[#1])-[#1])-c:1:c(:c(:c(:c(:c:1-[#8]-[#1])-[#6](-[#6](-[#1])(-[#1])-[#1])(-[#6](-[#1])(-[#1])-[#1])-[#6](-[#1])(-[#1])-[#1])-[#1])-[#6](-[#1])(-[#1])-c:2:c:c:c(:c(:c:2-[#1])-[#1])-[#8]-[#1])-[#1],PAINS,6,0
792,4,diazox_E(1),[#7](-[#1])(-[#1])-c:1:c(-[#7](-[#1])-[#1]):c(:c(-[#1]):c:2:n:o:n:c:1:2)-[#1],PAINS,6,0
793,4,anil_NH_no_alk_B(1),"[#7](-[#1])(-[#1])-c:1:c(:c(:c(:c(:c:1-[#7](-[#1])-[#16](=[#8])=[#8])-[#1])-[#7](-[#1])-[#6](-[#1])-[#1])-[F,Cl,Br,I])-[#1]",PAINS,6,0
794,4,anil_no_alk_A(1),[#7](-[#1])(-[#1])-c:1:c(:c(:c(:c(:c:1-[#7]=[#6]-2-[#6](=[#6]~[#6]~[#6]=[#6]-2)-[#1])-[#1])-[#1])-[#1])-[#1],PAINS,6,0
795,4,anil_no_alk_B(1),[#7](-[#1])(-[#1])-c:1:c(:c(:c(:c(:c:1-n:2:c:c:c:c:2)-[#1])-[#6](-[#1])-[#1])-[#6](-[#1])-[#1])-[#1],PAINS,6,0
796,4,thio_ene_amine_A(1),[#16]=[#6]-[#6](-[#6](-[#1])-[#1])=[#6](-[#6](-[#1])-[#1])-[#7](-[#6](-[#1])-[#1])-[#6](-[#1])-[#1],PAINS,6,0
797,4,het_55_B(1),[#6]-1:[#6]-[#8]-[#6]-2-[#6](-[#1])(-[#1])-[#6](=[#8])-[#8]-[#6]-1-2,PAINS,6,0
798,4,cyanamide_A(1),[#8]-[#6](=[#8])-[#6](-[#1])(-[#1])-[#16;X2]-[#6](=[#7]-[#6]#[#7])-[#7](-[#1])-c:1:c:c:c:c:c:1,PAINS,6,0
799,4,ene_one_one_A(1),[#8]=[#6]-[#6]-1=[#6](-[#16]-[#6](=[#6](-[#1])-[#6])-[#16]-1)-[#6]=[#8],PAINS,6,0
800,4,ene_six_het_D(1),[#8]=[#6]-1-[#7]-[#7]-[#6](=[#7]-[#6]-1=[#6]-[#1])-[!#1]:[!#1],PAINS,6,0
801,4,ene_cyano_E(1),[#8]=[#6]-[#6](-[#1])=[#6](-[#6]#[#7])-[#6],PAINS,6,0
802,4,ene_cyano_F(1),[#8](-[#1])-[#6](=[#8])-c:1:c(:c(:c(:c(:c:1-[#8]-[#1])-[#1])-c:2:c(-[#1]):c(:c(:o:2)-[#6](-[#1])=[#6](-[#6]#[#7])-c:3:n:c:c:n:3)-[#1])-[#1])-[#1],PAINS,6,0
803,4,hzone_furan_C(1),c:1:c(:c:c:c:c:1)-[#7](-c:2:c:c:c:c:c:2)-[#7]=[#6](-[#1])-[#6]:3:[#6](:[#6](:[#6](:[!#1]:3)-c:4:c:c:c:c(:c:4)-[#6](=[#8])-[#8]-[#1])-[#1])-[#1],PAINS,6,0
804,4,anil_no_alk_C(1),[#7](-[#1])(-[#1])-c:1:c(:c(:c(:c(:c:1-[#1])-[#1])-c:2:c(-[#1]):c(:c(-[#6](-[#1])-[#1]):o:2)-[#6]=[#8])-[#1])-[#1],PAINS,6,0
805,4,hzone_acid_D(1),[#8](-[#1])-[#6](=[#8])-c:1:c:c:c(:c:c:1)-[#7]-[#7]=[#6](-[#1])-[#6]:2:[#6](:[#6](:[#6](:[!#1]:2)-c:3:c:c:c:c:c:3)-[#1])-[#1],PAINS,6,0
806,4,hzone_furan_E(1),[#8](-[#1])-[#6](=[#8])-c:1:c:c:c:c(:c:1)-[#6]:[!#1]:[#6]-[#6]=[#7]-[#7](-[#1])-[#6](=[#8])-[#6](-[#1])(-[#1])-[#8],PAINS,6,0
807,4,het_6_pyridone_NH2(1),[#8](-[#1])-[#6]:1:[#6](:[#6]:[!#1]:[#6](:[#7]:1)-[#7](-[#1])-[#1])-[#6](-[#1])(-[#1])-[#6](=[#8])-[#8],PAINS,6,0
808,4,imine_one_fives_D(1),[#6]-1(=[!#6&!#1])-[#6](-[#7]=[#6]-[#16]-1)=[#8],PAINS,6,0
809,4,pyrrole_M(1),n2(-c:1:c:c:c:c:c:1)c(c(-[#1])c(c2-[#6]=[#7]-[#8]-[#1])-[#1])-[#1],PAINS,6,0
810,4,pyrrole_N(1),n2(-[#6](-[#1])-c:1:c(:c(:c:c(:c:1-[#1])-[#1])-[#1])-[#1])c(c(-[#1])c(c2-[#6]-[#1])-[#1])-[#6]-[#1],PAINS,6,0
811,4,pyrrole_O(1),n1(-[#6](-[#1])-[#1])c(c(-[#6](=[#8])-[#6])c(c1-[#6]:[#6])-[#6])-[#6](-[#1])-[#1],PAINS,6,0
812,4,ene_cyano_G(1),n1(-[#6])c(c(-[#1])c(c1-[#6](-[#1])=[#6](-[#6]#[#7])-c:2:n:c:c:s:2)-[#1])-[#1],PAINS,6,0
813,4,sulfonamide_J(1),n3(-c:1:c:c:c:c:c:1-[#7](-[#1])-[#16](=[#8])(=[#8])-c:2:c:c:c:s:2)c(c(-[#1])c(c3-[#1])-[#1])-[#1],PAINS,6,0
814,4,misc_pyrrole_benz(1),n2(-c:1:c(:c(:c(:c(:c:1-[#1])-[#1])-[#1])-[#1])-[#6](=[#8])-[#7](-[#1])-[#6](-[#1])(-[#6](-[#1])-[#1])-[#6](-[#1])(-[#1])-[#8]-[#6]:[#6])c(c(-[#1])c(c2-[#1])-[#1])-[#1],PAINS,6,0
815,4,thio_urea_R(1),c:1(:c:c:c:c:c:1)-[#7](-[#1])-[#6](=[#16])-[#7]-[#7](-[#1])-[#6](-[#1])=[#6](-[#1])-[#6]=[#8],PAINS,6,0
816,4,ene_one_one_B(1),[#6]-1(-[#6](=[#8])-[#6](-[#1])(-[#1])-[#6]-[#6](-[#1])(-[#1])-[#6]-1=[#8])=[#6](-[#7]-[#1])-[#6]=[#8],PAINS,6,0
817,4,dhp_amino_CN_H(1),[#7](-[#1])(-[#1])-[#6]-1=[#6](-[#6]#[#7])-[#6](-[#1])(-[#6]:[#6])-[#16]-[#6;X4]-[#16]-1,PAINS,6,0
818,4,het_66_anisole(1),[#6](-[#1])(-[#1])-[#8]-c:1:c(:c(:c(:c(:c:1-[#1])-[#1])-[#1])-[#1])-[#7](-[#1])-c:2:c:c:n:c:3:c(:c:c:c(:c:2:3)-[#8]-[#6](-[#1])-[#1])-[#8]-[#6](-[#1])-[#1],PAINS,6,0
819,4,thiazole_amine_N(1),[#6](-[#1])(-[#1])-[#8]-c:1:c(:c(:c(:c(:c:1-[#1])-[#1])-[#8]-[#6](-[#1])-[#1])-[#1])-[#7](-[#1])-c:2:n:c(:c:s:2)-c:3:c:c:c(:c:c:3)-[#8]-[#6](-[#1])-[#1],PAINS,6,0
820,4,het_pyridiniums_C(1),[#6]~1~3~[#7](-[#6]:[#6])~[#6]~[#6]~[#6]~[#6]~1~[#6]~2~[#7]~[#6]~[#6]~[#6]~[#7+]~2~[#7]~3,PAINS,6,0
821,4,het_5_E(1),[#7]-3(-c:2:c:1:c:c:c:c:c:1:c:c:c:2)-[#7]=[#6](-[#6](-[#1])-[#1])-[#6](-[#1])(-[#1])-[#6]-3=[#8],PAINS,6,0